Code	Country
GNL	United States
RNX	South Africa
WYT	United Kingdom
TFU	Russia
CHD	Russia
TTF	Russia
TWF	United Kingdom
SEC	United States
MLA	United States
QRT	Thailand
THD	Canada
AAA	Australia
	Singapore
AAB	Belgium
AAC	United Kingdom
AAD	Canada
SII	Mexico
BZS	Mexico
ABM	Spain
AAF	France
AAH	United States
AAK	United States
AAL	United States
AAM	United States
AAO	United States
AAP	United Arab Emirates
AAR	Republic of Korea
AAS	Pakistan
AAU	Australia
AAV	United States
AAW	Libya
AFU	Gambia
AAX	Ivory Coast
AAY	United States
AAZ	Canada
ABA	Ukraine
ABB	Democratic Republic of the Congo
ABE	Iran
ABF	Finland
ABG	Russia
TUS	Brazil
ABJ	Brazil
ABK	Canada
ABO	Colombia
ABU	Colombia
ACR	AEROCENTER
ABV	Ghana
ABX	United States
ABX	United States
ABZ	Brazil
ACC	United Kingdom
ACD	United States
ACO	Mexico
ACP	Kenya
ACS	Liberia
AAI	United States
ACU	Kenya
ACV	United Kingdom
RSO	Pakistan
ACX	Canada
TGA	Togo
RSM	Somali Republic
ACY	Morocco
ADA	Australia
	United States
	United States
	Canadian Territories
ADB	Ukraine
ADC	Dominican Republic
ADD	Japan
ADE	Albania
ADG	Spain
ADI	Spain
ADJ	Ivory Coast
ADK	Nigeria
ADL	United Kingdom
ADM	Dominican Republic
ADN	Germany
ADP	Mexico
ADY	United States
ADQ	Canada
ADR	Slovenia
ADS	Mexico
ADT	Canada
ADU	Finland
ADV	Canada
ADW	Thailand
ADX	United States
AEA	Spain
ASW	Canada
ASX	Czech Republic
AEB	Benin
AEC	AEROCESAR
AED	Russia
AEE	Greece
AEG	Chile
AEI	Colombia
AEJ	Tanzania
AEK	Bolivia
AEM	Spain
AEN	Mexico
AEO	Mexico
AEP	Spain
AAG	United Kingdom
AEL	Italy
AAJ	Canada
AEQ	Sweden
AER	United States
AES	Colombia
AET	Thailand
AEU	United Kingdom
AEV	Mexico
AEW	Ukraine
AEX	United States
AEY	Italy
AEZ	United States
AFA	Czech Republic
AFB	Argentina
UTY	Australia
UVS	Sierra Leone
UVT	Indonesia
AFC	Senegal
AFE	Indonesia
AFG	Afghanistan
AFH	Canada
AFI	Uganda
AFJ	Uganda
AFK	Sierra Leone
AFL	Russia
AFO	Mexico
BON	Bosnia and Herzegovina
BRF	Uganda
BRL	Canada
BRM	Canada
AFQ	Italy
AFR	France
ACG	United Kingdom
ACI	France
ACM	Canada
AGM	United States
AGN	Gabon
AFS	United Kingdom
AFV	Ivory Coast
MVM	United States
	Sierra Leone
NGO	Angola
NGP	Nigeria
SNC	United States
SND	Uzbekistan
SNG	Senegal
SNY	Canada
NMB	Namibia
NSK	Greece
NTL	Turkey
SGA	Vietnam
AFW	Ivory Coast
AFX	United Kingdom
AFY	Nigeria
AFZ	Zambia
AGA	Venezuela
AGB	Gabon
AGC	Egypt
AGF	United States
SLI	Mexico
AGG	Canada
AGH	France
AGO	Angola
AGO	Angola
AGP	Ireland
AGQ	Chile
AGT	Spain
AGU	Russia
AGV	Switzerland
AGW	Gambia
AGX	Serbia
BLR	United States
BLZ	Mexico
PLI	Peru
BMM	Morocco
BNB	Mexico
AGY	United States
AGZ	Slovakia
AHA	Denmark
AHC	Azerbaijan
AHE	AIRPORT HELICOPTER
CJE	France
AHF	United States
AHG	Dominican Republic
AHH	Ireland
AHK	Hong Kong
AHP	Mexico
AHR	Croatia
AHS	Italy
AHU	Hungary
AHW	Ukraine
AHY	Azerbaijan
AIA	Estonia
AIB	France
AIH	Chile
AII	Canada
AIJ	Mexico
AIK	Kenya
AIN	Swaziland
AIP	United States
AIU	Spain
ABP	Czech Republic
ABQ	Pakistan
THM	Thailand
AIR	United States
AIT	Estonia
BFF	Canada
BDM	Ivory Coast
BER	Germany
ABT	Canada
ABR	Ireland
AIL	United States
AIC	India
AIG	Gabon
BUB	Reunion
ABD	Iceland
AIE	Canada
AIS	Spain
SBK	Bosnia and Herzegovina
THT	France
AIV	Brazil
BES	France
AIW	Canada
AIX	Australia
AIY	Australia
AIZ	Israel
AJA	United Kingdom
AJB	Mexico
AJE	Mexico
AJF	Austria
AJI	United States
AJJ	United States
AJK	Nigeria
AJM	Jamaica
ADH	Italy
RSH	India
AMC	Malta
AJO	Mexico
AJP	Mexico
AJS	Colombia
AJT	United States
AJU	Portugal
AJV	Japan
AJW	United States
AJX	Japan
AJY	Cyprus
AKA	Republic of Korea
LIV	Estonia
ABL	Canada
ABN	Senegal
LJA	Libya
AKB	Kazakhstan
AKC	Colombia
AKF	Kyrgyzstan
AKH	Turkmenistan
MNI	Mexico
AKK	Canada
AKL	Kiribati
AKN	Canada
AKW	Cambodia
AKX	Japan
AKZ	Kazakhstan
ALB	Mexico
ALD	United Kingdom
ALE	Colombia
ALF	Belgium
BTS	Mexico
FYS	United States
DFA	United States
CAA	United States
BVR	Germany
ALG	United States
ALL	Mexico
ALM	Netherlands Antilles
ALN	United States
AWE	United States
AWI	United States
TNO	Mexico
TND	Mexico
TMP	United States
TAK	Russia
ALO	United States
ALP	Switzerland
ALQ	Canada
ALU	Sao Tome and Principe
ALV	Venezuela
ALW	ALNACIONAL
ALY	United States
ALZ	Canada
RSI	United States
AMA	Kazakhstan
AMD	Colombia
AMF	United States
	France
KLA	Lithuania
AMG	Brazil
AMH	United Kingdom
AMI	Maldives
AMJ	Canada
AMK	Austria
AML	Malawi
AMM	Moldova
AMN	Montenegro
AMO	Canada
AMP	Peru
AMQ	United Kingdom
	Italy
AMR	United States
AMS	Canada
AMT	United States
AMU	Macao
AMV	Egypt
AMW	United States
SEY	Seychelles
SFB	Bulgaria
AMX	Mexico
AMY	Dominican Republic
AMZ	Nigeria
ANA	Japan
ANB	United Kingdom
ANC	United Kingdom
ANE	Spain
ANG	Papua New Guinea
ABY	United Arab Emirates
ACA	Canada
BRP	Russia
BSB	Moldova
BTI	Latvia
ANH	Libya
ANI	Nigeria
ANK	Japan
ANM	ANTARES
ANO	Australia
ANQ	Colombia
ANS	Argentina
ANT	Canada
ANV	United States
AOM	France
ANW	AVINOR
ANZ	New Zealand
SAP	Kazakhstan
EMS	Mexico
AOA	ALCON
AOC	Russia
AOD	Czech Republic
AOE	Italy
AOF	South Africa
AOG	Argentina
MUN	Mexico
MUR	Mexico
AOI	ASTORIA
NRO	Russia
NRP	Moldova
AOK	Colombia
AOL	Cambodia
AON	France
AOO	COMPANY AS
AOP	Portugal
VIV	Mexico
VIZ	Ukraine
VJE	United Arab Emirates
VGF	United Arab Emirates
VGA	United States
VER	Mexico
AOR	Nigeria
SMX	Italy
AOT	Philippines
AOU	Croatia
AOV	France
AOX	Colombia
APA	Canada
APC	AIRPAC
SVM	Mexico
APF	Sweden
APG	Thailand
APH	AIRFLIGHT
API	ASA PESADA
APJ	AIR PRINT
BJK	United States
PET	Colombia
ARF	Germany
BJT	United States
BKL	Russia
BLA	United Kingdom
APL	APPALACHIAN
APM	ALASKA PACIFIC
APO	Canada
APP	AEROPERLAS
APQ	United States
APU	AEROPUMA
APV	Democratic Republic of the Congo
APW	United States
APX	United States
APY	Dominican Republic
AQA	ATCO
AQL	Canada
AQN	Australia
AQO	United States
AQT	AVIOQUINTANA
AQU	South Africa
AQZ	United States
ARA	Nigeria
ARB	Aruba
ARC	United States
ARD	Portugal
ARE	 S.A.
ARG	Argentina
ARH	United States
ARI	Mexico
ARJ	
SUN	Dominican Republic
SUO	Mexico
SUP	Mexico
ARK	Spain
ARL	France
ARM	Spain
ARO	Canada
ARP	Russia
KLD	Lithuania
ARQ	ARMSTRONG
ARR	Armenia
ARS	Chile
ART	Colombia
ARV	United Kingdom
ARW	France
ARX	AIREX
OST	Russia
HTT	Chad
HUC	Mexico
HUT	Mexico
HUY	Mexico
ARY	United States
ARZ	United States
ASA	ALASKA
ASB	Canada
ASC	Canada
ASD	Egypt
ASE	Russia
ASF	SCHEFF
ASG	South Africa
ASI	AEROSUN
ASJ	Canada
ASM	South Africa
ASN	Russia
ASO	Slovakia
ASP	Canada
ASQ	United States
ASR	ALL STAR
ASS	AIR CLASS
AST	Mexico
NRE	Mexico
NPL	Nepal
NPR	New Zealand
WAM	Sudan
WAP	Panama
ASV	Guinea-Bissau
ASZ	Russia
ATA	United States
ATB	Canada
ATC	Tanzania
ATD	Dominican Republic
ATE	ATLANTIS CANADA
ATG	Kazakhstan
XAC	United States
VBW	Burkina Faso
ATH	United States
ATI	Australia
ATJ	Germany
ATK	Colombia
ATL	Mexico
ATM	Australia
SPM	France
ATN	United States
ATP	Colombia
ATQ	Netherlands
FEO	Mexico
FES	Mexico
FFA	Russia
FFB	Senegal
ATR	United States
ATS	Democratic Republic of the Congo
ATT	Ireland
ATU	Hungary
ATV	Germany
ATW	Canada
AUA	Austria
WOW	United Kingdom
AUB	Germany
CPV	Italy
TUP	Russia
ABW	Russia
TUR	Ecuador
TXU	Ecuador
TXX	United States
AUD	AUDI AIR
AUF	Germany
AUH	United Arab Emirates
AUL	Russia
AUM	Uruguay
AUN	Mexico
AUP	Russia
SVE	Mexico
AUR	United Kingdom
AUS	Australia
AUT	Argentina
AUU	AURORA AIR
AUX	Uganda
AUY	AUSA
AUZ	Australia
AVA	AVIANCA
AVB	United Kingdom
AVD	ALAMO
AVF	Canada
AVG	Djibouti
AVH	United Kingdom
AVJ	Kyrgyzstan
AVK	South Africa
AVM	AVEMEX
AVN	Vanuatu
AVO	South Africa
AVP	United Kingdom
LFP	Australia
LFR	Sao Tome and Principe
LFT	Sierra Leone
AVQ	AQUILINE
AVR	ACTIVE AERO
AVS	Spain
AVT	Indonesia
AVU	France
AVV	United States
AVW	Greece
AVX	Lithuania
XXX	Belgium
YRG	Serbia
ZAK	Zambia
ZZM	Ivory Coast
BGA	France
BGD	Bangladesh
BGF	Bulgaria
BGG	Mexico
BHC	Mexico
BIE	France
BIV	Georgia
SZA	El Salvador
SZL	Swaziland
TAH	France
AVY	AEROVARADERO
AVZ	Spain
AWB	AIRNAT
AWK	New Zealand
AWL	Australia
AWN	Niger
AWO	Canada
AWR	Canada
ISM	Russia
AWS	Jordan
AWT	Canada
AWU	Germany
AWV	AIRWAVE
AWW	United Kingdom
AWY	AEROWEE
FWI	France
AWZ	Sudan
AXB	India
AXD	Sudan
AXF	Australia
AXH	Mexico
AXI	AIR FREIGHTER
AXK	Kenya
AXL	Netherlands
AXM	Malaysia
AXN	Greece
AXP	Spain
AXQ	United States
BNI	Canada
BNZ	Mexico
BOC	Mexico
BOI	Philippines
AXR	RENTAXEL
AXS	United States
AXV	France
AXX	Macedonia
AXY	France
AYD	Mexico
AYK	Armenia
AYM	AIRMAN
AYN	ATLANTIC NICARAGUA
AYS	Libya
AYT	Israel
AYZ	Russia
AZA	Italy
AZB	Kazakhstan
AZE	Germany
AZF	Switzerland
AZK	Azerbaijan
AZL	Zambia
AZM	Mexico
AZN	Bolivia
AZP	United States
AZS	Russia
AZT	AZIMUT
AZV	Ukraine
AZW	Zimbabwe
MHC	Mexico
MHS	Egypt
MHU	Uganda
MKH	Morocco
AZX	Gabon
AZY	ARIZAIR
AZZ	Sudan
NAR	United States
NAU	Ukraine
NER	United States
NFF	Lebanon
OBA	Mexico
OBK	Nigeria
OCA	Venezuela
NFS	Senegal
NGC	Angola
NGE	Thailand
NGF	United States
OUL	Canada
OVA	Spain
XPE	Austria
XSS	Mexico
XTJ	United States
TLR	Libya
OVC	Ecuador
RVE	Belgium
RVI	Mexico
RVL	Italy
OVE	Mexico
OVI	Mexico
PTD	Mexico
PTE	Mexico
SDM	Russia
PLL	Spain
PLM	Spain
AEH	Hungary
PSG	Mexico
SLU	Serbia
SCU	Bulgaria
SIP	United States
BMV	Kazakhstan
GUG	Guatemala
PXX	United States
PYC	Mexico
PVK	Kazakhstan
BAH	Bahrain
BAS	Barbados
BBE	Sudan
BBT	Russia
MCY	South Africa
EGF	United States
PUE	Chile
PUT	Serbia
AZI	Italy
	Netherlands
	Sudan
VUE	United Kingdom
XCT	Mexico
VRO	Mexico
VRI	Mexico
VEG	Mexico
VVG	Colombia
VLR	Mexico
WIL	United States
VEJ	Venezuela
WAB	United States
VNG	Mexico
VAD	Spain
VMR	Portugal
VLS	Mexico
XAA	United States
VUO	Mexico
VTM	Mexico
VUN	Ivory Coast
BOT	Botswana
XPR	United States
XLL	Tanzania
VAE	Spain
WHY	Canada
WDR	United States
XEC	Germany
UPA	United Kingdom
VTY	Nigeria
VTA	French Polynesia
URG	Ukraine
VDR	Macedonia
VIM	Bulgaria
WLR	Italy
URA	Ukraine
XLB	United States
WLA	Zambia
XFX	New Zealand
WAY	France
WGS	Finland
XAK	Kenya
WPK	United States
VAB	Russia
URP	Ukraine
WPR	New Zealand
URR	Slovenia
UST	Ecuador
WLT	United States
VLV	Russia
VME	Mexico
VVA	Russia
WLV	United States
WTA	Togo
VNT	Zambia
VZR	France
VID	Russia
VXG	Gabon
VXX	Ukraine
XAM	United States
XAO	United States
VAZ	Russia
VAS	Russian Federation
VAM	Uruguay
VAV	Cambodia
VBC	Bulgaria
XKX	France
XAT	United States
VAI	Serbia
VRT	United States
AVE	Venezuela
VLI	Mexico
VSA	South Africa
VSC	Colombia
XAV	Russia
VTT	Sudan
VSR	Bulgaria
VTG	Angola
XJA	France
XFS	United States
XXV	Bolivia
XME	Australia
XMG	Russia
CAJ	France
CAO	China
CBE	Mexico
CBO	Mexico
CBS	Ukraine
CBV	Mexico
CCA	China
CDA	Chile
CDP	Peru
CDU	Russia
CDV	Russia
CFF	Spain
CFM	Portugal
CFR	Democratic Republic of the Congo
CFV	Mexico
CGB	Belize
CGV	Portugal
CGW	China
CHJ	Ukraine
CHR	Democratic Republic of the Congo
CHV	United States
CID	Kazakhstan
CIR	United States
CKL	United States
CLL	Mexico
CLP	Portugal
CMF	United States
CND	Dominican Republic
CNE	Canada
CNH	United States
CNU	Spain
CNX	Canada
CPF	Ukraine
CRD	Mozambique
CRF	Japan
CRJ	Angola
CRP	Mexico
CRQ	Canada
CTA	United States
CTE	China
CTR	Mexico
CUO	Mexico
CVA	New Zealand
CWM	Marshall Islands
CWP	Australia
CYL	Italy
CYO	United States
CYD	United States
CYE	Mexico
DAH	Algeria
DAP	Chile
DBA	United States
DBD	Canada
DEF	France
DEG	Netherlands
DHI	Indonesia
DHL	United States
DHM	United Kingdom
DIC	Mexico
DIN	Mexico
DJA	Algeria
DJU	Djibouti
DLA	Italy
DLS	Mexico
DLU	Chile
DMC	Mexico
DMI	Mexico
DML	Mexico
DNA	El Salvador
DNC	Spain
DNJ	United States
DNV	Russia
DRD	Spain
DRM	United Kingdom
DRO	Mexico
DSC	Ethiopia
DSK	Portugal
DST	United States
DVI	Mexico
DYN	United States
EAE	Ecuador
EAP	France
EAT	Slovakia
EAY	Estonia
EBC	Mexico
ECE	Germany
ECG	Mexico
ECL	Spain
ECM	Mexico
EDA	Ecuador
EET	Spain
EFC	France
EIN	Ireland
EJP	Mexico
ELG	Italy
END	Mexico
EOS	Italy
EPA	China
ENW	Spain
EOL	France
EOM	Mexico
EPL	Mexico
EPS	United States
EPE	Mexico
EQL	Air S
ERG	Russia
ERI	Mexico
ERK	Chile
ERM	Mexico
ESB	Mexico
ESO	United Kingdom
ESU	Mexico
ESZ	Mexico
ETC	Sudan
ETE	Mexico
EUK	United Kingdom
EVE	Germany
EVR	Portugal
EXG	United States
FAC	Denmark
FAG	Argentina
FAJ	Fiji
FAN	Angola
FBW	United States
FCI	United States
FCO	Mexico
FCU	Mexico
FDA	Mali
FDS	Kenya
FGT	Mexico
FIC	Mexico
FIF	Finland
FII	Germany
FIX	Finland
FJI	Fiji
FLD	Pakistan
FLI	Faroe Islands
FLZ	United States
FMT	Mauritania
FNM	Italy
FNO	Spain
FNX	France
FRD	United States
FPY	Democratic Republic of the Congo
FRJ	Nigeria
FRK	Kenya
FRQ	Cameroon
FRT	Russia
FST	United Kingdom
FTC	Chad
FTY	Austria
FXI	Iceland
GAP	Philippines
GAU	Uruguay
GBJ	Germany
GBN	Gabon
GCF	Spain
GCK	Ghana
GFO	Mexico
GGL	Angola
GGN	Canada
GHL	United Kingdom
GHN	Ghana
GIL	Guinea
GIP	Guinea
GIZ	Guinea
GLL	Angola
GLT	United States
GME	Guatemala
GMM	Mexico
GMS	Mexico
GNT	Lithuania
GOA	Canada
GRE	Greece
GRG	Georgia
GRI	Sao Tome and Principe
GRL	Denmark
GRO	Mexico
GRR	Portugal
GRX	Belarus
GSP	United States
GSV	Kazakhstan
GTC	Turkey
GTI	United States
GTP	Mexico
GUA	Mexico
GUY	French Guiana
GVI	Georgia
HAD	Haiti
HAH	Comoros
HAT	France
HEI	Chile
HGH	France
HHA	Honduras
HID	Mexico
HJA	Haiti
HJT	United Arab Emirates
HKH	Hungary
HMA	United States
HMT	Canada
HOM	Mexico
HPO	Uganda
HQO	Norway
HYR	Ireland
HZT	Togo
IAE	Russia
ICM	Cameroon
IFI	Greece
IKM	Ghana
ILK	Kazakhstan
IME	United Kingdom
IMN	Mexico
INA	Mexico
ING	Chile
INO	Mexico
IPL	Spain
IRD	Iran
IRH	Iran
IRW	Iran
IRX	Iran
ITE	Czech Republic
ITF	Angola
ITO	Mexico
IVE	Spain
IWS	Russia
JAB	Myanmar
JAD	Mexico
JAR	Austria
JEE	Nigeria
UTX	United States
JMR	Canada
JMX	Jamaica
JOA	Australia
JOB	Mexico
JOL	Kazakhstan
JPR	United States
JTS	Mexico
JUA	Mexico
JZA	Canada
KAA	Republic of Korea
KAD	Ukraine
KAM	Italy
KAV	Libya
KEK	Kazakhstan
KFK	Austria
KFT	Uzbekistan
KGD	Bulgaria
KHH	Egypt
KIE	Germany
KKB	United States
KKK	Turkey
KLB	Mali
KLZ	Mexico
KOR	Democratic People's Republic of Korea
KOY	Kazakhstan
KRE	Colombia
KRT	Kazakhstan
KSI	Angola
KTN	Ukraine
KVR	Kazakhstan
KYC	United States
KZR	Kazakhstan
LAG	Mexico
LBC	Albania
LBI	Mexico
LBW	Albania
LDG	Mexico
LDL	Russia
LDN	Nigeria
LDR	Mexico
LEM	Egypt
LET	Mexico
LFA	Turkey
LFC	Canada
LGN	Mexico
LHR	Egypt
LID	Italy
LIE	Nigeria
LKP	United States
LKS	Spain
LKY	United States
LLR	India
LMA	Mexico
LML	Libya
LMP	Argentina
LMT	Kazakhstan
LMX	Mexico
LMY	Kazakhstan
LMZ	Kazakhstan
LNE	Ecuador
LNK	South Africa
LNT	Mexico
LOK	Sudan
LOU	Senegal
LPC	South Africa
LPV	Austria
LRO	Russia
LRW	Mauritania
LSK	Lithuania
LSM	Russia
LSR	France
LTI	Mexico
LUC	Switzerland
LUR	Armenia
LVN	Italy
LVR	Lithuania
LXG	Guinea-Bissau
LXR	Portugal
LYT	Lithuania
LZP	Bulgaria
LZR	Bulgaria
MAM	Spain
MAU	Mauritius
MBA	Austria
MBB	Kyrgyzstan
MBC	Angola
MBV	Moldova
MCB	United Kingdom
MCD	United Kingdom
MCO	Mexico
MDC	United States
MDG	Madagascar
MDX	South Africa
MEF	Nigeria
MFL	Mexico
MGE	United States
MGS	Mexico
MIE	Mexico
MLD	Moldova
MLF	Djibouti
MLI	Mali
MLN	Canada
MMC	Italy
MMD	Denmark
MMM	Russia
MMP	United States
MMX	Peru
MNE	Mexico
MNG	Mongolia
MOC	Mexico
MOP	Angola
MOR	Mexico
MPD	Spain
MPX	Mexico
MQT	France
MRL	Mexico
MRM	Canada
MRP	Czech Republic
MRT	Mauritania
MSC	Egypt
MSK	Bulgaria
MSM	Uruguay
MSO	Mexico
MSV	Russia
MTB	Mexico
MTE	Chile
MTK	Angola
MTY	United Kingdom
MXO	Mexico
MYS	Mexico
MZK	Japan
MZL	Mexico
	Greece
	Russian Federation
NBK	Nigeria
NCL	Angola
NEL	Mexico
NGV	Angola
NID	Mexico
NIE	Mexico
NIG	Nigeria
NKZ	Russia
NPT	United Kingdom
NRS	United States
NSO	Honduras
NTD	Mexico
NTV	Ivory Coast
NUL	Mexico
NVI	Russia
NWG	Norway
NXA	Japan
OAO	Russia
OGI	Mexico
OLV	Mexico
OMG	United Kingdom
ONR	Libya
ONT	Canada
ORP	Mexico
ORS	Italy
OSN	Mexico
OSO	Russia
PAJ	Italy
PBT	Bangladesh
PBU	Burundi
PCG	Mexico
PCK	Spain
PCS	Mexico
PEL	Australia
PFI	Mexico
PFT	United States
PHR	Egypt
PHW	United Arab Emirates
PIE	United Kingdom
PIF	Mexico
PKA	Pakistan
PNL	Mexico
PNU	Mexico
POY	Mexico
PRI	Mexico
PRT	United States
PRZ	Indonesia
PSE	Mexico
PSL	Mexico
PVA	Mexico
PZA	Mexico
QCL	Uruguay
QEA	Australia
QAT	Canada
QKC	United States
QLA	Canada
QSC	Kenya
QUI	Mexico
RAD	Angola
RAI	Kazakhstan
RAP	United States
RBE	Benin
RBJ	Mexico
RBU	France
RBV	Canada
RBX	Aruba
RCC	Netherlands
RCE	Mexico
RCF	Russia
RCH	United States
RCI	Angola
RCO	Mexico
RCP	Mexico
RCQ	Mexico
RCU	Spain
RCX	Italy
RDD	Russia
RDM	Mauritania
REA	Ireland
REN	Mexico
RES	Australia
REU	France
REY	Mexico
RFC	Swaziland
RFD	Mexico
RGO	Dominican Republic
RGT	United Kingdom
RHL	France
RIF	Russian Federation
RIS	Spain
RIT	Philippines
RJS	Mexico
RKA	Ivory Coast
RLA	France
RLK	New Zealand
RLL	Sierra Leone
RLN	Sri Lanka
RLZ	France
RMD	Mauritania
RME	Armenia
RML	Armenia
RMO	Armenia
RMX	Bulgaria
RNE	Sierra Leone
RNM	Ecuador
RNR	United States
RNV	Armenia
ROE	Bolivia
ROH	Mexico
ROI	Venezuela
ROL	Israel
ROM	Dominican Republic
ROO	Italy
ROD	Mexico
RPB	Colombia
RPC	Ecuador
RRC	Mexico
RRE	Mexico
RRM	Romania
RSC	Mexico
RSR	Republic of the Congo
RSU	Bolivia
RTE	Portugal
RTH	France
RTO	Kazakhstan
RTQ	France
RTU	Mexico
RUD	Ukraine
RUM	Sierra Leone
RUN	Turkey
RVP	Portugal
RVT	Armenia
RWB	Rwanda
RWC	Ecuador
RWY	United Kingdom
RXT	Mexico
RXX	Canada
RWS	Australia
RZL	Zambia
RZN	Mexico
RZZ	United States
SBH	Mexico
SCD	Nigeria
SCM	United States
SDO	Dominican Republic
SDP	Mexico
SEF	Mexico
SER	Mexico
SFM	Nigeria
SGV	Nicaragua
SHH	United Kingdom
SIY	Mexico
SIZ	Mexico
SJN	United States
SKP	Canada
SMI	Mexico
SMJ	Zimbabwe
SOD	Mexico
SOE	Mauritania
SOG	Guinea-Bissau
SPD	Canada
SPJ	Macedonia
SPO	Mexico
SPY	Thailand
SPZ	South Africa
SQR	Libya
SRI	New Zealand
SRV	Mexico
SSL	Sierra Leone
SSM	Canada
SSN	South Africa
STK	United States
STT	United States
SUE	Mexico
SUY	New Zealand
SVK	Slovakia
SWH	Canada
SYL	Russia
SYT	South Africa
TAA	Mexico
TAO	Mexico
TBL	Mexico
TBO	Mexico
TCI	Turks and Caicos Islands
TCO	Colombia
TDG	United States
TDT	United Kingdom
TDY	United States
TED	Mexico
TFL	Netherlands
TIR	Mexico
TLB	France
TLD	Mexico
TLE	Mexico
TLU	Mexico
TME	Mexico
TOC	Mexico
TOH	Serbia
TOK	Papua New Guinea
TON	Mexico
TPB	Angola
TPC	France
TPK	Chad
TPO	Mexico
TQS	Mexico
TRH	United States
TRS	United States
TSC	Canada
TSQ	Japan
TTB	Mexico
TTE	United States
TUN	Kiribati
TWN	Uzbekistan
TXD	Mexico
TXF	Mexico
TXI	Mexico
TYR	Austria
TZA	Mexico
TZT	Zimbabwe
UAG	Ghana
UAR	Ukraine
UCK	Kazakhstan
UCR	Ukraine
UED	United States
UKR	Ukraine
UMB	Italy
UND	Mexico
FLP	Spain
GLG	Ecuador
GLB	United States
DRU	Russia
PVO	United Kingdom
BAA	Bulgaria
BAB	Bahrain
BAC	United Kingdom
BAE	United Kingdom
BAF	Belgium
BAJ	United States
BAK	United States
BAL	United Kingdom
BAM	Canada
BAN	United Kingdom
BAR	Canada
BAU	Guinea-Bissau
BAV	Bangladesh
BAW	United Kingdom
BAX	Russia
BAY	Cambodia
BBA	Austria
BBC	Bangladesh
BBD	Iceland
BBS	Kazakhstan
BBV	Spain
BBZ	Kenya
BCF	Austria
BCI	United Kingdom
BCL	United Kingdom
BCR	United Kingdom
BCT	United Kingdom
BCV	Ukraine
BDA	India
BON	Bosnia and Herzegovina
BDF	Guinea-Bissau
AYB	Belgium
BDR	Sudan
BEA	Bangladesh
BED	Russia
AJC	United States
BEF	Spain
BEH	Denmark
BEK	Kazakhstan
BET	Brazil
BFC	United States
BFG	Sweden
BFL	Canada
BFO	Canada
BFR	Burkina Faso
BFS	Sweden
BFW	Bahrain
BGH	Bulgaria
BGI	S
BGK	Kyrgyzstan
BGL	Benin
BGM	Russia
BGR	Bangladesh
BGT	Norway
BHA	Nepal
BHI	Afghanistan
BHL	United Kingdom
BHN	Nigeria
BHO	Pakistan
BHP	Switzerland
BHR	United States
BHS	Bahamas
BHT	Netherlands
	Brazil
	
	United Kingdom
BHY	Turkey
BID	Germany
BIG	United States
BIH	United Kingdom
BIL	Denmark
BIN	United States
BIR	United States
BIZ	United Kingdom
BJA	Mexico
BJC	Latvia
BJS	United States
BKA	United States
BKF	Finland
BKJ	United States
BKP	Thailand
BKV	Ukraine
BLB	Sudan
BLC	Belarus
BLE	France
BLF	Finland
BLG	Belgium
BLH	United States
BLJ	Spain
BLL	Russia
BLM	Armenia
BLN	Indonesia
BLS	Canada
BLT	United States
BLV	Nigeria
BMA	United Kingdom
BMD	United Kingdom
BME	United Kingdom
BMH	Indonesia
BMI	United Kingdom
BMJ	United States
BML	Bangladesh
BMN	United States
BMR	United Kingdom
BMW	Germany
BMX	Mexico
BND	United Kingdom
BNE	Libya
BNG	United Kingdom
BNL	Ethiopia
BNR	Canada
BNS	United States
BNT	Sudan
BNV	Mauritania
BNW	United Kingdom
BOA	Macedonia
BOD	Uganda
BOE	United States
BOF	Canada
BOO	United Kingdom
BOU	Indonesia
BPA	Italy
BPK	Kazakhstan
BPO	Germany
BPS	Hungary
BPT	United Kingdom
BPX	Colombia
BRB	Brazil
BRD	Canada
BRE	Ukraine
BRG	United States
BRK	Russia
BRN	United States
BRO	Netherlands
BRS	Brazil
BRT	United Kingdom
BRU	Belarus
BRV	Democratic Republic of the Congo
BRW	Bulgaria
BNF	United States
BRX	United States
BRY	Kazakhstan
BSC	Kyrgyzstan
BSD	Mexico
BSI	Brazil
BSJ	United Kingdom
BSM	Lebanon
BSS	Guinea-Bissau
BST	Turkey
BSW	Czech Republic
BSY	United States
BTC	Russia
BTH	Latvia
BTK	Ukraine
BTL	United States
BTR	Kyrgyzstan
GAA	United States
BTT	Ukraine
BTV	Indonesia
BUC	Bulgaria
BUL	Democratic Republic of the Congo
BUN	Russia
BUZ	United Kingdom
BVA	United States
BVC	Bulgaria
BVN	United States
BVT	Malaysia
BVU	
BWG	Germany
BWI	Suriname
BWL	United Kingdom
BXA	Bahrain
BXH	Canada
BXI	Belgium
	
BXR	United States
BYA	United States
BYL	Russia
BYR	Lebanon
BYE	Indonesia
BZA	Germany
BZH	France
BZZ	United Kingdom
AUJ	Austria
CKM	Spain
CLF	United Kingdom
CLN	United Kingdom
CPJ	United States
CXS	United States
DAT	Belgium
EAH	United States
EBA	Italy
EXB	Brazil
EXP	Canada
FOS	Russia
HAW	Thailand
HAX	Norway
IBB	Spain
IRJ	Iran
IVR	Kazakhstan
JOR	Romania
LAJ	United Kingdom
LBY	Albania
LED	Norway
LTL	Benin
LXJ	United States
LZB	Bulgaria
MBR	Brazil
NKF	Sweden
NYB	Belgium
OGJ	Nigeria
PEB	Sweden
PNT	South Africa
POI	Kazakhstan
PPS	United States
RHD	United Kingdom
RLR	United States
RPX	United Kingdom
RRS	United Kingdom
SCJ	Sweden
SHT	United Kingdom
SKH	United Kingdom
TXB	Canada
UKA	United Kingdom
VLX	United States
VOL	Sweden
WFD	United Kingdom
WTN	United Kingdom
XBO	United States
XDA	France
XMS	United Kingdom
ZBA	Kenya
SRJ	Syrian Arab Republic
ORO	Spain
TIP	United States
RWG	United States
RMU	AIR-MAUR
CBI	Ukraine
CPI	Italy
ICL	Israel
CMR	United Kingdom
CTZ	Argentina
CCF	Germany
CED	Ecuador
HBI	Denmark
HEM	Australia
SCH	Netherlands
HKS	Norway
VCI	Ivory Coast
CKC	United States
CMZ	Mauritania
CNT	France
OAP	Mexico
PDR	Namibia
CRH	Mexico
IRO	United States
CSE	United Kingdom
CTQ	Ghana
CBR	United Kingdom
CVE	Cape Verde
CWD	United Kingdom
CCE	Egypt
CGC	Sao Tome and Principe
REZ	United States
CSL	United States
CLI	Spain
CAV	Canada
CAM	United States
KHM	Cambodia
UYC	Cameroon
HSO	Spain
CJA	Canada
PIL	Canada
CDN	Canada
CTG	Canada
HIA	Canada
CFC	Canada
BZD	Canada
CDN	Canada
TKR	Canada
XNC	Canada
MPE	Canada
CDR	Canada
CWH	Canada
CWA	Canada
CWW	China
CUI	Mexico
KAP	United States
CTO	Australia
SEM	United States
CMY	United States
CPX	United States
CPD	Kenya
NCP	Nigeria
CCI	United States
CCQ	United States
EGL	United Kingdom
CEX	United States
CWZ	United States
VAN	Mauritania
CWN	United Kingdom
FVA	United States
GOL	Namibia
CDI	Philippines
CFH	Australia
CDM	Dominican Republic
EST	Mexico
GGC	United States
MCX	Mauritania
CRV	Ivory Coast
CLM	Barbados
CTW	Panama
CRG	Italy
CJT	Canada
CLX	Luxembourg
CGM	Oman
DEL	Antigua and Barbuda
BCB	Barbados
CBC	Dominican Republic
DCC	Barbados
CLT	Netherlands
BWA	Trinidad and Tobago
IQQ	Barbados
TLC	United States
GFI	Antigua and Barbuda
CRT	Haiti
CVG	United Kingdom
KRP	Romania
CRR	Chile
ULS	United States
CMT	United States
CSO	United States
CSP	United States
CPN	Iran
CSJ	United States
CAZ	Switzerland
CBT	United States
TEX	France
CPA	Hong Kong SAR of China
CJR	Nigeria
CAY	Cayman Islands
CEB	Philippines
CIL	United Kingdom
CEG	United Kingdom
CEC	United Kingdom
CWE	United Kingdom
CNA	Serbia
CEV	France
CNL	United States
CNS	Canada
CVO	Spain
CTS	Russia
CET	Central African Republic
CAX	Democratic Republic of Congo
CTL	United States
CNY	Sierra Leone
ACN	Nicaragua
YOG	United States
CCG	Czech Republic
DRN	Mexico
CMA	Czech Republic
CHA	United States
CEM	Mongolia
GLR	Canada
CQC	Australia
CSI	United States
CLW	Poland
DTV	United States
CGS	Russia
CVC	Russia
CCV	Mexico
ACF	Spain
CWC	United States
URY	Mexico
HAI	Canada
XAD	United States
CER	Democratic Republic of the Congo
IRU	Iran
CLG	France
CHK	United States
CLS	Germany
CHS	Australia
OFF	United States
CHG	Ukraine
CPH	France
CCP	United States
NCH	Nigeria
CGN	China
CHN	United States
WML	United States
CPL	United States
CSU	Chad
CAH	South Africa
HMD	United States
CGD	United States
CHW	Austria
HRT	Canada
CHQ	United States
CBB	Russia
CHM	Pakistan
CHZ	Russia
CMK	Russia
CBM	United States
CCY	United States
CAB	United States
CVR	United States
CYA	United States
CGO	United States
WDY	United States
RAT	South Africa
CCH	Mexico
DES	Canada
CAD	Canada
ETN	Israel
CAL	Taiwan
CKK	China
CES	China
HXA	China
CFA	China
CTH	China
CAG	China
CBF	China
CNW	China
CHC	China
CYZ	China
CSN	China
CXN	China
CUA	China
CXH	China
CYH	China
CGU	Mauritania
CEP	United States
CPW	United States
CHF	Russia
CAS	United States
OEC	Austria
CHO	United States
CHU	United States
CIU	Peru
CIM	Denmark
RRU	Chile
NTS	United States
RUS	Germany
JTI	Lebanon
FIV	United States
XCX	United States
HZX	China
SDR	Sweden
CIX	Burundi
XBG	United States
BCY	Ireland
CAQ	United Kingdom
CII	Italy
CFE	United Kingdom
CNB	Hungary
HSR	United States
CIW	South Africa
BKR	United States
CAT	Taiwan
CIA	Slovakia
CIV	New Zealand
CBA	Czech Republic
FMC	United Kingdom
CLK	United States
CSF	United Kingdom
CLY	United States
CGK	Kyrgyzstan
CLZ	South Africa
CLD	United Kingdom
SDJ	United Kingdom
ISG	Italy
CST	Norway
	United States
TCL	United States
CNG	United States
CSV	Tanzania
CHL	United States
OLR	Ecuador
CLE	United States
CJC	United States
CAE	Canada
CCX	United States
COL	Canada
WCO	United States
KLR	United States
GHP	United States
COM	United States
CAW	South Africa
CDE	United Kingdom
CVV	Venezuela
CRS	Mexico
CMG	Nigeria
FYN	Germany
CLA	Switzerland
CMH	United Kingdom
CTM	France
CML	Canada
CRM	Mexico
CMS	Canada
GAR	Australia
CJS	United States
UCA	United States
CWK	Comoros
CGR	Italy
CMM	Mali
CPM	Mauritania
GIC	Guinea
AIF	Spain
ATF	Spain
ASU	ASUR
LCT	Spain
EJV	Mexico
HSE	Spain
MDR	Mexico
MXC	Mexico
HSS	Spain
TAV	Spain
CYF	Denmark
CPZ	United States
CPS	United Kingdom
XCO	United States
XCS	United States
CRC	Canada
COD	Ukraine
CNR	United States
CIB	Germany
CFG	Germany
COF	Canada
CAK	Bahamas
CGA	United States
ROY	Canada
BSN	Canada
CAC	United States
CXO	United States
CHP	Mexico
VCH	Venezuela
UZA	Ukraine
KIS	Germany
XCL	United States
COA	United States
PVV	Russia
	United States
CMI	United States
CON	United States
VCV	Venezuela
CKA	United States
SVY	United Kingdom
CMP	Panama
CAT	Denmark
COP	United States
AAQ	Finland
CCW	Sudan
CAI	Turkey
CRA	Colombia
CPB	Canada
CNC	Mexico
CPG	Mexico
CGY	Paraguay
CPT	United States
CPR	United States
CPO	United States
COO	Canada
CKE	United States
VHT	United States
VTE	United States
CJI	United States
CRL	France
CCM	France
COZ	Nepal
CHI	Canada
MGB	United Kingdom
NSW	Australia
CIK	Kyrgyzstan
CSD	United States
CUT	South Africa
CVL	Canada
COW	Netherlands
COY	United Kingdom
CFD	United Kingdom
CRE	Canada
ELM	Mexico
CAN	United Kingdom
KRM	Ukraine
CTN	Croatia
HRZ	Croatia
CRX	United Kingdom
ECC	Switzerland
CWX	United States
CKR	United States
CRO	United States
CRW	Canada
VCR	Brazil
CTY	United States
CYT	United States
CUB	Cuba
CBL	United States
CTT	United States
RGN	Spain
CYC	Cyprus
CYS	Canada
CYP	Cyprus
	Turkey
CEF	Czech Republic
AHD	Czech Republic
CSA	Czech Republic
CIE	Czech Republic
DDA	United States
DNK	United States
DHE	Chile
VLF	United Kingdom
DSR	Uganda
RKC	Democratic Republic of the Congo
DTR	Denmark
ENT	United Kingdom
BDN	United Kingdom
DSN	Ukraine
DET	Kazakhstan
DGO	Mexico
DAE	Panama
DHK	United Kingdom
DHV	South Africa
DHX	Bahrain
JOS	Guatemala
RSK	United States
DAO	Djibouti
DAG	Russia
DHA	Democratic Republic of Congo
DCS	Germany
DCX	United States
DKA	Kazakhstan
DLR	Nigeria
KHB	Russia
DXP	United States
DAS	Syrian Arab Republic
DSA	United States
DOP	Denmark
DAF	Denmark
DAR	Denmark
DNY	Denmark
DNU	Lithuania
DRT	France
DWT	Switzerland
DSQ	Uganda
DSH	United States
GOB	United Kingdom
DGX	Switzerland
DAB	France
CVF	United States
DSO	France
DTN	Sudan
XDT	United States
DAU	Germany
DCO	United Kingdom
DWN	United States
DJS	United States
DAY	Sri Lanka
DHC	Canada
IAY	Austria
DAA	United States
DKN	India
DLK	Sri Lanka
DER	China
JDC	United States
DWR	United States
DEA	Italy
SNO	Canada
ELJ	United States
DAL	United States
KMB	United Kingdom
DLI	Ukraine
DSU	United States
DNM	Netherlands
FEC	United States
DJT	United States
FGC	Spain
DRY	Indonesia
DRX	Mauritania
MIZ	Mexico
DTY	Sierra Leone
	Germany
AMB	Germany
LFO	Germany
DIS	Serbia
SPK	United States
DRB	Chile
DGT	United States
RDN	Argentina
DIP	United Kingdom
ENA	Spain
DIA	United States
XAP	United States
DCT	United Kingdom
SXP	Poland
DIR	Indonesia
DCV	United States
DVA	United States
XDS	United States
DIX	Germany
DEE	United States
DJB	Djibouti
UDN	Ukraine
FDN	United Arab Emirates
IXX	United States
DPL	Canada
MYO	Spain
DOA	Dominican Republic
DMO	Russia
DVB	Kazakhstan
DON	United Kingdom
UDC	Ukraine
DAD	Dominican Republic
DOR	Germany
DAV	Nigeria
DOM	Dominican Republic
HDA	DRAGON
DCA	United Kingdom
DRK	Bhutan
DRE	United States
DUB	United Arab Emirates
DBK	Croatia
DUK	Luxembourg
DBJ	United Kingdom
LPD	United Kingdom
DUN	Mauritania
PHD	United States
VVF	Turkey
DUO	United Kingdom
DJE	Mexico
DNL	Netherlands Antilles
DCE	Netherlands Antilles
DBR	Netherlands
DFS	United States
XDY	United States
DNR	Canada
DYE	Netherlands
BAG	Germany
EHD	United States
	Switzerland
1Y	
EAD	Portugal
EXW	Nigeria
EFS	Angola
EFD	Germany
FSD	Germany
EIS	Germany
IAG	France
ESI	Italy
EUY	Ireland
EUJ	Ireland
EVA	Taiwan
ICR	United States
EGR	Sierra Leone
	Uganda
EGX	Thailand
FEI	Iceland
EGU	Uganda
GYP	United Kingdom
EGN	France
SEG	Senegal
EGJ	United States
EMD	United States
ERX	Nigeria
UGX	Uganda
HSA	Kenya
EXZ	Kenya
EMU	Macao
ECT	South Africa
ECJ	United States
EHA	United States
EKC	United States
CTK	United Kingdom
DXH	China
EWA	Australia
EAZ	Zambia
EAX	United Kingdom
EZE	United Kingdom
EAQ	Australia
ECI	United States
GNS	United Kingdom
LIS	Kazakhstan
EME	United States
EPB	Canada
ESJ	United Arab Emirates
ELA	Australia
SGR	United States
FYE	Nigeria
CMN	United States
EJT	United States
ECQ	Nigeria
DEI	Algeria
ECX	Angola
ECD	Mexico
XCC	Mexico
ECV	Equatorial Guinea
EQC	Equatorial Guinea
ECU	Ecuador
EDW	Switzerland
SLO	United States
EDC	United Kingdom
EDJ	United States
EIJ	Indonesia
MSR	Egypt
MSX	Egypt
EGY	Egypt
EJX	Egypt
EMA	Egypt
EIX	Ireland
EIR	Ireland
ELY	Israel
CMX	Mexico
GLQ	Sudan
ELS	El Salvador
ESC	Venezuela
BRQ	Libya
ELX	United States
LBR	Germany
NLK	Russia
DND	Sudan
PDV	Italy
EDO	Italy
ELB	Italy
EFG	Italy
ELH	Italy
EOA	Italy
MEE	Italy
VUL	Italy
IEP	Italy
RSA	Sudan
EAI	Togo
EJD	United Arab Emirates
FGS	Italy
ELT	United States
MGG	Sudan
ELR	Israel
EAM	Nigeria
EFT	United States
EMB	Brazil
XSL	United States
JEM	United Kingdom
EWW	United States
EMT	Ecuador
UAE	United Arab Emirates
SBC	South Africa
EMP	United States
CFS	United States
MPR	Nigeria
ETP	United Kingdom
AUO	UNIFORM OSCAR
PRG	Chile
CRN	Cuba
VNA	Uruguay
EEA	Ecuador
CNI	Cuba
VNE	Venezuela
GTV	Cuba
XLT	Brazil
ENC	Ecuador
ENI	Estonia
ENK	Russia]]
EGV	Chile
ESE	Mexico
ENS	United States
EWS	Democratic Republic of the Congo
ESS	United States
EKA	Republic of the Congo
EQZ	Zambia
EQT	Equatorial Guinea
ERH	United States
IRY	Iran
ERF	Portugal
ERE	United States
ERT	Eritrea
CTV	Spain
EPC	Democratic Republic of the Congo
ERC	Canada
ESF	Mexico
ELL	Estonia
ETA	Mexico
ETH	Ethiopia
MJM	Italy
ETD	United Arab Emirates
ETM	Angola
EVN	Italy
ECN	Spain
	Sweden
ESN	Turkey
EAK	Kazakhstan
KZE	Kazakhstan
MMZ	Portugal
GOJ	United Kingdom
EUP	Greece
EUU	Uruguay
ECY	United Kingdom
EUC	Belgium
ECF	France
ECA	Cyprus
EEZ	Italy
EEU	Italy
EUG	Equatorial Guinea
ERJ	Italy
JLN	Malta
RDP	Romania
EJS	Czech Republic
ELO	Poland
EMX	Austria
GED	France
FPO	France
EUT	Malta
EAG	United Kingdom
EAL	Germany
BCS	Belgium
EAF	United Kingdom
EBJ	United Kingdom
ECB	Croatia
ETV	United Kingdom
EXC	Sweden
EBG	Bulgaria
ESX	United Kingdom
EWG	Germany
EIA	United States
VTS	United States
EMN	United Kingdom
XLA	United Kingdom
XEL	United Kingdom
GZA	Germany
EXA	Canada
VCN	Switzerland
EJO	United Arab Emirates
VMP	Denmark
EAS	South Africa
LFL	Zimbabwe
EAC	United States
XAF	United States
ECS	Ireland
XAH	United Kingdom
EXK	United States
EXU	Spain
JTR	United Kingdom
EXE	United States
TRI	Canada
EXJ	United Kingdom
EJM	United States
TEA	South Africa
EXF	Mexico
EXN	Poland
EXR	Mexico
EXV	Sri Lanka
FXA	United States
EIC	S
XPL	United States
XNA	United States
LHN	United States
XTO	Canada
BTA	United States
JTM	Ireland
EZY	United Kingdom
EJA	United States
EYE	United States
IFA	Germany
FLC	United States
FKI	Germany
DCM	United States
FLW	France
FMG	Germany
FRA	United Kingdom
FSB	Germany
LEJ	Germany
FBA	Kyrgyzstan
FCS	Mexico
FAV	South Africa
FWD	United Arab Emirates
FLS	Netherlands
FFC	United Kingdom
FWY	United States
FCN	Sweden
FAR	Slovenia
FAO	United States
FAU	Nigeria
	Sweden
FVS	United Arab Emirates
FJC	United Kingdom
FAW	United States
EFA	Taiwan
FDL	United States
FAH	Hungary
FRN	Netherlands
FAT	Switzerland
RAF	Sudan
HBL	Denmark
RCK	Faroe Islands
FRW	United States
FSW	Burkina Faso
FHL	United Kingdom
FAY	Nigeria
SKM	United States
FDR	South Africa
FLL	Sweden
DCN	Germany
FRM	United States
NHK	United States
FDX	United States
FNK	Kazakhstan
FER	Spain
HGK	Uganda
FNC	Republic of the Congo
FAK	United States
FBF	United States
FTR	France
FIN	Finland
WBA	Finland
FNF	Finland
FFM	Malaysia
FAB	Canada
JRF	Japan
FCC	Cambodia
FCA	United Kingdom
MBL	United Kingdom
GGA	United States
FIR	Sierra Leone
FTS	Mexico
FFR	Czech Republic
FFP	Poland
FSX	United States
FLE	Canada
WAF	United States
FMR	United States
FLN	Kazakhstan
FSH	Egypt
BWY	United Kingdom
FLR	South Africa
FXY	Netherlands
FXT	Denmark
TUD	United States
FCK	Germany
FCV	Canada
FCP	New Zealand
FDP	Poland
FLX	United States
CFI	China
LTS	Russia
IVJ	United States
MIT	United States
FOI	United States
OPT	United States
CLB	United Kingdom
FSL	United Kingdom
FSU	Sweden
CCK	United States
AYR	Spain
FWQ	Australia
KLO	Canada
CSK	United States
FEX	Canada
FLT	United Kingdom
FPS	United Kingdom
FSR	United States
KDZ	United States
FAZ	United States
OJY	United States
FCL	United States
FFS	United States
FJS	United States
FWL	United States
FFG	Germany
FLU	Switzerland
EZB	Switzerland
FWZ	Austria
FLM	Turkey
FCT	United Kingdom
FEE	United Kingdom
FXL	Sweden
NVJ	Tunisia
FIL	Spain
FLY	Sweden
IAD	Italy
XAX	Malaysia
LIL	Lithuania
NDC	Sweden
BBO	Switzerland
BEE	United Kingdom
FCE	Spain
FLO	Slovenia
GVG	Sweden
GSM	United Kingdom
FPA	Sweden
ETS	Sweden
INU	Sweden
FYH	Thailand
FCR	Lebanon
FYG	Belgium
FGP	Russia
FLK	Spain
FTM	United Kingdom
FKS	United States
FOP	Netherlands
NOF	Norway
FOB	United Kingdom
FOS	Taiwan
FOR	United Kingdom
FHS	United Kingdom
FXC	Canada
	United States
FSA	United States
JFY	United Kingdom
FTE	Spain
FIA	Antigua and Barbuda
FSC	United States
WDS	United States
FXR	Italy
FDO	France
FHY	Turkey
FOM	New Zealand
FRE	United States
FFF	Nigeria
FRL	United States
FAS	Cyprus
FWC	Netherlands
FRG	United States
FAF	France
FMY	France
FNY	France
FRR	Nigeria
FAE	United Kingdom
FAL	United States
FLF	Uganda
FGY	Australia
FFT	United States
ITR	United States
FTA	United States
FNG	Finland
FUJ	United Arab Emirates
CFJ	China
GAX	United States
FAM	Spain
FFY	Thailand
ROG	Spain
FUN	Democratic Republic of the Congo
FGL	Ireland
FUA	Spain
GML	South Africa
EXH	Germany
MTA	United States
GGS	Mexico
GBX	United States
GBL	United Kingdom
GCS	United States
FFU	United Kingdom
GCC	Ireland
GEN	Brazil
GET	Equatorial Guinea
GFW	Australia
GHI	United Kingdom
GMG	Latvia
GPE	United States
GPR	Mexico
GIB	Guinea
BMK	Kazakhstan
GTX	United States
GAH	France
GBE	Gabon
GRT	Gabon
GIG	Mexico
GFC	United States
GNJ	Greece
SWF	United Kingdom
GLS	Ukraine
GAL	Kyrgyzstan
GXY	Japan
GAS	United States
	United States
GMA	United Kingdom
GNR	Gambia
NML	Gambia
GMJ	Spain
GNF	Italy
GAN	Canada
GSA	United States
AHM	Canada
GIA	Indonesia
GHS	Indonesia
EGO	South Africa
GVN	Spain
GZP	Russia
GEE	Canada
GCO	United States
GAB	Canada
GDB	Belgium
FGN	France
SWK	Canada
GWS	South Africa
GNZ	Poland
GTH	United States
XGA	Canada
GMC	United States
GNX	Belarus
GSL	Canada
TGZ	Georgia
FGA	Georgia
GGF	Senegal
GFG	Georgia
GPL	Germany
GAF	Germany
GAM	Germany
GNY	Germany
GHY	Germany
GMI	Germany
GWI	Germany
GDN	Pakistan
GFD	Germany
GES	Spain
GTR	Chile
GJT	Spain
GHT	Libya
GHA	Ghana
GHB	Ghana
NTC	United States
RPS	United States
GAG	Comoros
GBS	Nigeria
GLC	Bahrain
BSP	Democratic Republic of Congo
GBB	South Africa
GAK	Libya
GGZ	Georgia
GLJ	Austria
NSM	United States
SVW	Luxembourg
GSK	United States
GSS	United Kingdom
XGS	United States
XGW	United States
GLW	Japan
GJA	Lebanon
GOW	India
	United Kingdom
GJS	United States
GGE	Equatorial Guinea
GOF	Mexico
GOI	Switzerland
GLO	Brazil
GBT	Canada
GDA	United Kingdom
GDK	Austria
GAO	Sweden
GDD	United States
GPA	United States
GRS	Kyrgyzstan
GLD	Sudan
GOS	Australia
GAQ	Canada
GLE	Sao Tome and Principe
GOM	Belarus
RDR	United Kingdom
IKA	Nepal
GOR	Ukraine
HKG	Hong Kong SAR of China
GRZ	Zambia
HLD	United Kingdom
GAV	Spain
GAE	United States
GND	United States
CVU	United States
GUN	United States
LMK	United Kingdom
GRA	United States
GLA	United States
GLU	Uganda
GRP	United States
GWL	China
GWA	United States
HAF	Greece
HNA	Greece
GFF	Cyprus
GXA	Moldova
GZD	Russia
HTG	Austria
GSJ	Czech Republic
GHV	Mexico
GPM	Spain
EJC	Mexico
TAT	Costa Rica
VMM	Spain
GMT	Mexico
GSY	Norway
BSR	Guinea-Bissau
GIJ	Guinea
GNC	Equatorial Guinea
GIF	Guinea
GEA	Equatorial Guinea
GIQ	Guinea
CGH	China
GUS	Mexico
GUJ	India
TSU	United States
GUF	
GFA	Oman
GBA	Bahrain
GAT	United States
GCN	United States
SFY	United States
GPC	Libya
GLF	United States
GFS	United States
GFT	United States
GUL	United States
GUM	Suriname
GDH	Turkey
	
GWN	United Kingdom
HLA	United Kingdom
HWD	United Kingdom
KTR	Sweden
AHT	Portugal
FMS	United States
HAG	United States
POW	United Kingdom
HHN	Germany
CHH	China
	China
HLS	Haiti
HAM	Haiti
HTI	Haiti
HRB	Haiti
HNR	Haiti
HTN	Haiti
HTC	Haiti
HBC	Haiti
HAJ	Pakistan
HKL	Nigeria
HLH	Sudan
HCN	Guinea-Bissau
HHI	Germany
HJL	United Kingdom
HMM	United Arab Emirates
WVA	United States
HGR	United Kingdom
HGD	Mongolia
HAN	Republic of Korea
HLX	Germany
HLF	Germany
HAR	United States
HMY	Canada
NBR	United Kingdom
PYN	United Kingdom
HAV	Nigeria
HAL	United States
	United States
HKR	Argentina
HMX	Mexico
	Canada
HKI	United States
HZL	Australia
HVY	Australia
HVL	United Arab Emirates
HDC	Spain
HCB	Barbados
HCL	Saint Lucia
HHP	Denmark
HLR	Bulgaria
ALJ	Austria
HEB	Switzerland
HFR	France
HYH	Hungary
HLM	Mexico
HLI	France
HTP	Mexico
HLU	France
MCM	Monaco
HHE	Netherlands
HRA	Spain
HIF	Spain
HIG	France
HLK	Switzerland
HMC	Mexico
HEA	Portugal
CDY	United Kingdom
HIB	Portugal
HLC	France
COV	United Kingdom
HEL	Colombia
HCP	Czech Republic
JKY	United Kingdom
MVK	United Kingdom
HAP	Mexico
HAA	Chile
HNT	Mexico
HEN	Mexico
HHH	Spain
JBA	Canada
HDR	Norway
SCO	Sweden
OCE	France
HCY	Cyprus
HLP	Spain
HPL	Portugal
HEC	Mexico
HSU	Portugal
HSI	Switzerland
HLT	Mexico
HIT	Italy
OFA	Mexico
HTA	Norway
HTS	United States
HLW	Chile
HEJ	Greece
FHE	Switzerland
HLG	Switzerland
OAW	Switzerland
HMS	Bulgaria
HAC	Australia
SSH	United States
MRX	United States
HED	United Kingdom
ALX	Democratic Republic of the Congo
HER	France
HHS	Suriname
HFY	Portugal
HLB	Canada
HWY	United Kingdom
HIS	Dominican Republic
HGA	United States
NTH	Japan
ADO	Japan
ABH	Japan
HOA	Spain
HIN	Mexico
HOL	United States
HTR	Germany
HMV	Luxembourg
HAS	Honduras
CRK	Hong Kong SAR of China
HKE	Hong Kong SAR of China
HEX	Solomon Islands
HPJ	United States
	Canada
QXE	United States
KOK	United States
HSM	Libya
HOR	Switzerland
HZA	Australia
HPS	Bangladesh
HUD	United States
HOZ	Mexico
HDI	Mexico
HHO	United States
GGV	Austria
OZU	Kazakhstan
HUB	United States
HUS	United States
GMH	United States
WHR	United States
HUV	Hungary
HUF	Hungary
HYA	Canada
HYC	South Africa
HYD	Canada
	France
ITC	Belgium
CSQ	United States
IBL	Mauritius
BBL	Switzerland
YYY	
	Ukraine
CIC	Canada
IDG	Czech Republic
IFL	United States
RDE	United Kingdom
IJM	Austria
IKK	Japan
IKN	Germany
BLU	Canada
XGG	Canada
	Japan
IPA	Australia
IPM	United Kingdom
LVB	Nigeria
ISD	Ukraine
	United States
FDF	Russia
IBE	Spain
IBR	Spain
IBT	Spain
IWD	Spain
IBX	Japan
IBC	Spain
AKI	Sudan
RAC	Bosnia and Herzegovina
FRC	France
ICD	Ecuador
ICA	Italy
IUS	Italy
ICJ	Iceland
ICE	Iceland
ICG	Iceland
IKR	Denmark
CIO	Italy
ILV	Russia
IDL	Mexico
IAR	United States
ILP	Aruba
ILL	Ukraine
IMR	Portugal
ITX	Azerbaijan
PNX	United States
IMT	Cambodia
IDE	United States
IDP	Australia
IGO	India
IIL	India
IFC	India
IAC	India
IDR	Hungary
IBU	United States
IDA	Indonesia
AWQ	Indonesia
IAA	Indonesia
IPN	Indonesia
ITN	Spain
FFI	Spain
INS	United Kingdom
IVA	Canada
INC	Netherlands Antilles
ICC	Spain
INT	Canada
INL	Kyrgyzstan
FFL	United Kingdom
IJT	Colombia
XRA	South Africa
ITW	Bulgaria
INX	Turkey
IIN	Cape Verde
CAR	Central African Republic
NTT	Sierra Leone
ITA	United States
ICN	Canada
UGL	United States
IMA	United States
ITS	United States
ILN	South Africa
NTE	Mexico
SUW	Russia
IVT	Ukraine
ICT	Colombia
ICP	Spain
IFT	United Kingdom
IJT	United Kingdom
RFL	Italy
IFF	Sudan
IGN	Nigeria
ISN	Philippines
IWY	Turks and Caicos Islands
MTF	Italy
IHE	Greece
ITK	South Africa
IAK	Egypt
EXX	United States
IAS	United States
IAX	Liberia
IBZ	Sweden
IBY	United States
ICS	Mexico
ICX	United States
RED	Switzerland
IIG	ALDAWLYH AIR
IFX	United States
IJA	United States
HSP	United States
RSQ	Namibia
ISF	United Kingdom
THN	Canada
ITH	Nigeria
IPT	United States
IKY	Bulgaria
ISK	Austria
FWA	Netherlands
ITU	Mexico
INV	Latvia
IND	Ireland
IOA	United States
IRA	Iran
IRC	Iran
IRB	Iran
IRG	Iran
IAW	Iraq
BIS	Kazakhstan
IRL	Ireland
RDK	Ireland
XMR	Ireland
IRT	Uzbekistan
XIA	Canada
KCE	Canada
ISI	Mexico
ILF	United States
XYZ	United States
	United States
SOY	Philippines
DQA	Maldives
IOM	United Kingdom
SDY	United States
CGP	United Arab Emirates
MTP	United States
ILC	Japan
IAJ	United Kingdom
	Papua New Guinea
ICB	Iceland
ISW	Spain
IGS	United States
ISV	Honduras
IOS	United Kingdom
IAI	Israel
IAF	Israel
ISR	Israel
IST	Turkey
ACL	Italy
IFS	Italy
IKA	Kyrgyzstan
IVS	Ivory Coast
IVW	Ivory Coast
IJE	Ivory Coast
OIC	Japan
IXR	France
IZM	Turkey
IZA	Russia
JCB	United Kingdom
RFX	United States
JLJ	Japan
JEX	Japan
JAZ	Japan
JDA	United Kingdom
JDP	Luxembourg
JHM	Costa Rica
TQM	United States
JMC	United Kingdom
	Russia
JSJ	Pakistan
JES	Mexico
JCK	Canada
JAE	China
JAW	Libya
JMB	Democratic Republic of Congo
JAK	Kazakhstan
JAX	United States
JAC	Japan
JSV	Japan
JAL	Japan
JAL	Japan
JAA	Japan
JTA	Japan
JAT	Serbia
JTY	Indonesia
JZR	Kuwait
JJA	Republic of Korea
JNY	United States
XLD	United States
JPN	United Kingdom
JEA	Poland
JSI	Russia
JAI	India
	United States
JTX	United States
PJS	Switzerland
BZF	United States
JCF	Spain
JCT	United States
	Switzerland
JCX	Germany
DWW	United States
JED	United States
JEI	Germany
RZA	Australia
CFT	United States
JGD	Israel
MJL	Moldova
JEK	Israel
HTL	United States
JNR	Mexico
JRN	Mexico
JDI	Poland
JSA	Singapore
JSM	Moldova
JTC	Ghana
JTT	Russia
OPS	United Arab Emirates
EXS	United Kingdom
JFU	Morocco
OSW	Swaziland
JBU	United States
QNZ	New Zealand
JMG	Ireland
JAF	Belgium
JTL	Canada
JAG	Austria
JCS	Switzerland
UEJ	United States
JCC	Australia
JXA	Lebanon
JEF	Finland
JFL	Austria
JIC	Thailand
JLX	Kenya
JLH	Netherlands
JNV	Spain
JPO	Mexico
MDJ	Romania
JRI	United Kingdom
JEJ	Mexico
JEP	Spain
JSE	Mexico
JGO	Canada
JST	Australia
JSH	Hungary
JXT	United Kingdom
JPQ	Mexico
JEC	Singapore
JTG	Denmark
JTN	United States
JWY	United States
JXX	Iceland
JIB	Djibouti
JSW	United Kingdom
HKN	United States
RAS	United States
JDG	Lithuania
JBR	Czech Republic
JHN	United States
JON	Ghana
JMJ	United States
JMM	Sudan
JMT	Mexico
ODI	ODINN
JAV	Jordan
JCI	Jordan
JVK	Iceland
JUR	Switzerland
JFS	Indonesia
JUC	Sudan
JUB	Somali Republic
DKE	United Kingdom
DKH	China
MEY	Sweden
DOJ	United States
KDC	Canada
KSA	Latvia
KMI	Thailand
KNI	Russia
KLC	Netherlands
KLH	Netherlands
KLM	Netherlands
QNK	Nigeria
KMC	Tanzania
KAI	United States
CKS	United States
KFS	United States
KES	Libya
KMF	Afghanistan
KMP	Cambodia
KIZ	Israel
KHE	Israel
KSU	United States
AKT	Russia
KRB	Tanzania
KLG	Denmark
KAJ	Tunisia
KAE	Indonesia
KTV	Sudan
KTK	Russia
KAT	Norway
MVD	Russia
XKA	United States
KRN	Kazakhstan
KAW	Kazakhstan
KAO	Russia
KPH	Russia
KKA	Kazakhstan
KZS	Kazakhstan
JFK	United Kingdom
KLX	Nigeria
FKL	Canada
KFA	Canada
KDA	Australia
KEN	United States
KBA	Canada
KAH	Canada
KQA	Kenya
KVS	Kazakhstan
KEY	United States
LYM	United States
FTP	United States
KEE	Canada
KZW	Algeria
WKH	Ukraine
KHR	Turkmenistan
KHP	Iran
KRV	Ukraine
KHO	Ukraine
KHY	Afghanistan
UAK	Ukraine
KNG	United Kingdom
BEZ	United States
KFR	India
KNX	Canada
KAS	Canada
KIP	Sweden
KNS	Democratic Republic of the Congo
KTA	Russia
IRK	Iran
KHA	United States
KHC	United States
KIA	United States
KNA	Canada
KHX	United States
KGT	Nigeria
KOA	Spain
OYE	Nigeria
KGL	Russia
KOM	Netherlands
KMA	Russia
KMV	Russia
KNM	Russia
KOB	Hungary
KAL	Republic of Korea
KMG	Serbia
KSM	Russia
KOS	Serbia
WOK	Czech Republic
KJC	Russia
KFC	Ukraine
KRG	Ukraine
KRO	Ukraine
KRI	Russia
KYM	Ukraine
OPC	United Kingdom
KIL	Russia
KPA	China
KZA	Russia
KBV	Sweden
KAC	Kuwait
KZU	Turkey
QVR	Kyrgyzstan
KWN	South Africa
KGZ	Kyrgyzstan
KTC	Kyrgyzstan
LYN	Kyrgyzstan
KGA	Kyrgyzstan
DAM	Kyrgyzstan
KGB	Kyrgyzstan
KYV	Turkey
LAH	United States
LJY	United States
LRB	Czech Republic
PHO	Sweden
LEX	United States
FNT	United States
LAB	United States
LRC	Costa Rica
LDE	Argentina
BNX	Venezuela
LAN	Chile
DSM	Argentina
LCO	Chile
LNC	Dominican Republic
LXP	Chile
LPE	Peru
LSA	Dominican Republic
APT	LAP
OTN	S
LCB	Peru
LOT	Poland
LTE	Spain
LTO	Austria
LTU	Germany
JFC	United States
LUK	Russia
ASK	Canada
LVT	Mexico
SKQ	United States
LAL	Canada
JEV	Spain
HCA	United States
LKL	United States
LKR	United States
LBH	United States
LMR	Sudan
TCR	Costa Rica
ISL	Iceland
PAP	United Kingdom
LKN	Sri Lanka
LZA	Spain
LZT	Spain
LLL	Lao Peoples Democratic Republic
LAO	Lao Peoples Democratic Republic
LKA	Lao Peoples Democratic Republic
LPN	Philippines
LRD	United States
LTC	Latvia
LAF	Latvia
LDA	Austria
LDI	Italy
LEP	United States
LSU	Croatia
LAR	United States
LAY	Malaysia
LPL	United States
LAQ	Lebanon
LAT	Lebanon
LAD	United States
LCA	United States
LIA	Antigua and Barbuda
LGD	United States
LWD	United States
LEN	United States
LOR	South Africa
LEL	Spain
LYW	Libya
LAA	Libya
LCR	Libya
LIQ	Sweden
LCG	Democratic Republic of the Congo
LKD	Chad
LME	Mauritania
GCB	Republic of the Congo
GDQ	United States
LRT	Australia
LSY	United States
NOT	Chile
LMC	Mexico
LNP	Chile
NEG	Chile
LER	Venezuela
LSE	Chile
TUY	Venezuela
ALR	Spain
LCD	Mexico
LCN	Bolivia
LCM	Mexico
EDD	Mexico
EDR	Colombia
FED	Argentina
LMN	Mexico
LIJ	Mexico
UMA	Mexico
LEC	Central African Republic
SMS	S
LAM	Mozambique
LAW	Australia
WGT	United Kingdom
LNI	Indonesia
LEU	Switzerland
LYF	Lithuania
LRA	Canada
LVG	Italy
LLB	Bolivia
LNA	Spain
XLG	United States
LAC	United States
XDD	United States
CBD	United States
LNG	United States
LOG	United Kingdom
CLV	Czech Republic
LMS	United Kingdom
LCY	United Kingdom
LNX	United Kingdom
LOV	United Kingdom
LHC	United Kingdom
LSS	United States
ORA	United States
LGT	Bermuda
LRR	France
LSC	Chile
TAS	Egypt
LTW	Netherlands
LKE	China
LUT	South Africa
LVD	Austria
LGW	Germany
DLH	Germany
GEC	Germany
CLH	Germany
	Germany
LHT	Germany
LTF	Germany
LTR	Norway
LHS	Ukraine
UNY	Sweden
LGL	Luxembourg
LXA	Luxembourg
LUV	Luxembourg
LFE	Luxembourg
LXO	Egypt
LUZ	Portugal
UKW	Ukraine
LYD	United Kingdom
LCH	United States
LYC	United States
LXF	United States
LYX	Pakistan
LPR	Argentina
LAU	Colombia
JNH	United States
MCF	Spain
MRG	France
MPJ	Austria
TFG	United Kingdom
MAA	Mexico
MAK	Macedonia
MCC	South Africa
MGA	Spain
JLA	Romania
MGL	Mongolia
MNC	Canada
MKA	Ghana
MNB	Turkey
EBF	Germany
MCV	Mexico
MAQ	Spain
MCN	United States
MTD	Australia
MCK	Australia
MCS	Greece
MDH	Libya
	Denmark
MJB	Netherlands
MGR	Austria
MLH	United States
IRM	Iran
MZS	Gambia
MAT	United States
MAJ	United States
AKM	Kazakhstan
MLG	Madagascar
MLX	Malawi
MKK	Russia
MAS	Malaysia
MAE	Austria
VXP	Mali
MTZ	Mali
MLC	Democratic Republic of the Congo
MLS	United States
SCW	Sweden
LOD	Sweden
SCW	Sweden
MAC	Malta
MWS	Malta
MAH	Hungary
MLB	Burundi
MDL	Indonesia
MDA	Taiwan
MNO	South Africa
MHN	United Kingdom
MTO	Canada
MNR	United Kingdom
MAN	United States
MTS	Indonesia
MNX	United Kingdom
MAD	Canada
MAR	United Kingdom
MCP	Afghanistan
MGI	Nigeria
MRK	United States
MKO	United Kingdom
MRW	Ukraine
MCE	United Kingdom
MSL	Sudan
XMA	United States
MBE	United Kingdom
MPH	Netherlands
MRA	United States
MFA	United Kingdom
MVN	United Kingdom
TRP	United States
MTH	United States
MSY	New Zealand
MSW	Serbia
MPL	United States
LMJ	Portugal
	Brazil
MIA	Mauritania
MNV	Mauritania
MRF	Mauritania
MWY	Mauritania
MDE	Mauritania
MVR	United States
MVL	Russia
MAI	Kyrgyzstan
MSF	El Salvador
MAX	Canada
MXL	Sweden
MXU	United Arab Emirates
MXJ	United States
MXS	Uzbekistan
MXP	United States
MYD	Belize
MYI	Mexico
MBS	Malawi
MCH	United Kingdom
MKL	United States
DAC	United States
MDS	United States
MEK	United States
MDM	Malta
MRZ	Zimbabwe
MCL	United Kingdom
MDF	Greece
MDY	Egypt
MEJ	United States
MGK	Kazakhstan
MEL	Brazil
MKN	Cambodia
MNJ	Lebanon
MXX	Nigeria
MEC	United States
POV	Ukraine
MRD	United States
MHL	Nigeria
DSL	United Kingdom
MEM	Ukraine
ISS	Italy
MEI	United States
MNA	Indonesia
ASH	United States
MES	United States
MSQ	Brazil
MET	United Kingdom
MER	United States
MVI	United Kingdom
MEX	United States
MTR	United States
MTJ	Hong Kong SAR of China
PIX	United Kingdom
MPS	Netherlands
MXB	Mexico
MJT	Mexico
MXA	Mexico
MXT	Mexico
HUR	United States
BSK	United States
OWL	United States
MPT	Armenia
BIB	France
WIZ	United Kingdom
NYL	Sudan
MPA	United States
MJR	United States
MEA	Lebanon
MID	United Kingdom
MFR	United States
MIS	United States
MDW	United States
FLA	United States
FAX	United States
MEP	United States
MWA	Egypt
NIT	United States
MWT	United States
HTE	Mexico
MAB	Canada
RJM	United Kingdom
MLK	Nigeria
MFS	United States
OXO	United States
MIM	Russia
NAB	Egypt
OMR	Central African Republic
EBE	United States
MAZ	Zambia
MNL	Italy
MNS	Canada
WDG	WATCHDOG
LIR	Belarus
MIR	Canada
MIF	Kazakhstan
MOS	Egypt
MAF	Indonesia
MSN	Spain
MRN	France
BDG	United States
MVA	United States
MSA	Italy
MBO	Canada
MXE	Mozambique
MFZ	Malaysia
MLE	Moldova
MDV	Moldova
MVG	Moldova
RRV	Kenya
MON	United Kingdom
MNH	United States
	Italy
MFC	Canada
MDB	United Kingdom
MTI	Mexico
MKY	Mexico
MGX	Montenegro
MNT	Montserrat
MNY	United States
MAL	Canada
MSS	United States
MRO	United States
GAI	Russia
MPI	Philippines
MSI	Ukraine
NZM	New Zealand
MTN	United States
MTC	Sierra Leone
PKP	United States
BRR	United States
MBI	United States
MHA	United States
MPC	Canada
MTV	United States
MOW	United States
MDN	Somali Republic
CMJ	China
MTX	Mexico
WBR	United States
MFT	
MNZ	Russia
MUA	United States
MMR	Libya
MAW	Barbados
MYW	Italy
MYT	United Kingdom
UBA	Myanmar
MMM	Myanmar
MYA	Iceland
VKG	Denmark
NLG	Ivory Coast
NHG	Brazil
WAR	New Zealand
ANL	Angola
NHZ	Chad
BFN	Burkina Faso
NAH	Canada
NKL	United Arab Emirates
MRE	Namibia
NDF	Namibia
CNJ	China
ACK	United States
NYA	Israel
NAP	United States
NCM	Angola
	Mali
NAS	Eritrea
NJC	United States
NCO	S
NTK	United States
NSR	Indonesia
RFI	United Kingdom
NAN	United States
NCN	Chile
ROK	United States
NAL	United States
KUS	South Africa
	Cameroon
LFI	South Africa
GTY	Egypt
TNC	Canada
NXT	United States
GRD	United Kingdom
JTE	Australia
AND	United States
NJS	Australia
NAA	United States
NOL	Egypt
NLS	Netherlands
NAE	United States
NTW	South Africa
NWZ	Zambia
EVM	United Kingdom
NRR	Costa Rica
NRK	South Africa
RON	Nauru
NVC	Canada
NAV	Czech Republic
NVP	Portugal
NAY	Spain
IRI	Iran
NVM	Mexico
NVL	Armenia
XNV	United States
	United States
XNS	Canada
NZA	Libya
NEB	United States
NEC	Nepal
NCG	Netherlands
NFT	Russia
NLA	Canada
NLC	South Africa
CGE	New Zealand
RNA	Nepal
NOS	Italy
TOX	Thailand
NSL	United Kingdom
EJA	United States
NET	Nigeria
NEZ	United States
NEA	United States
NHT	South Africa
NWD	United States
NYH	United States
GRY	United States
KRC	New Zealand
HVA	United States
NLT	Canada
NTJ	Sweden
NXF	United States
NXS	Nigeria
NIS	Nicaragua
NCN	Nigeria
NGA	Nigeria
NGR	Nigeria
NGX	Nigeria
EXT	Germany
NLY	Austria
NKV	Ukraine
NSA	Sudan
NVA	Egypt
NLW	Sudan
NBS	United Kingdom
NCA	Japan
NVK	Russia
SRG	United Kingdom
SRD	United Kingdom
NOH	United Kingdom
AKG	United Kingdom
NBL	Moldova
NOK	Thailand
NRL	Canada
NMD	Namibia
NOC	Norway
NEF	Sweden
NES	Brazil
NRD	Sweden
NVD	Lithuania
NDS	Australia
NRT	Spain
NCF	United Kingdom
NOA	Canada
HMF	Sweden
NRX	South Africa
NIR	Norway
NOR	Norway
DOC	Norway
RTV	Portugal
NAI	Croatia
NTM	Canada
HMR	Canada
NAJ	United States
NAT	United States
NFC	Norway
NBN	United Kingdom
NCB	Canada
NCC	Canada
	Papua New Guinea
NFA	Denmark
NRC	Netherlands
SBX	United States
NRV	Canada
NWW	Australia
PTO	Canada
NEN	Nigeria
VBG	Russia
NWL	Canada
NLL	Libya
NFL	United States
NSF	United Kingdom
NCE	United States
NEE	United States
NPX	United States
NAC	United States
BYC	China
NDA	United States
CMU	Thailand
	Canada
NEX	United Kingdom
NIC	United States
NTX	United States
NTA	Canada
KOE	United States
NSS	United States
NHL	United Kingdom
NAL	Canada
NWE	United States
NWA	United States
NWR	Australia
NWT	Canada
PLR	Canada
NWN	Canada
NAM	Canada
NAX	Norway
TFN	Norway
XNT	United States
LBT	Tunisia
NOV	Sudan
PTR	Canada
NVR	Sweden
NVG	Russia
NSP	Russia
NBE	Russia
NPO	Russia
NOY	Israel
ACQ	Peru
NHR	Mexico
NUN	Canada
NIN	Indonesia
NYS	Malawi
KNE	Saudi Arabia
OCN	France
OCM	Australia
	United Kingdom
JPA	United States
OHK	Hong Kong
BCN	Mauritania
VCX	Italy
OCS	United Kingdom
TUK	United States
ONE	Brazil
	Guinea
ODS	Ukraine
ODY	Canada
FOC	Switzerland
GBO	Gabon
OKJ	Nigeria
OKP	Democratic Republic of Congo
OKA	China
OKL	United States
OLX	Czech Republic
KVK	Kazakhstan
OAL	Greece
OLY	Greece
OMA	Oman
ORF	Oman
OAV	Portugal
OAE	United States
OMF	Mexico
OMS	Russia
ORL	Canada
OTG	Thailand
OTM	Zambia
MED	Canada
OHY	Turkey
OPA	Australia
OSA	Lebanon
BOS	United Kingdom
ORR	Mexico
OLE	Mexico
OTP	Mexico
OPV	Mexico
LLO	Canada
OAX	Australia
ORD	Sierra Leone
ORJ	Sierra Leone
ORE	Israel
ORX	Turkey
ORK	Egypt
BUE	Sweden
ORM	Russia
ORB	Russia
OTA	Mexico
OML	Angola
OVV	Syrian Arab Republic
OTR	Sudan
ORN	Pakistan
OEA	Thailand
NGK	Japan
OAC	Nigeria
OGN	New Zealand
OED	South Africa
OIX	Russia
KOV	Kazakhstan
RNG	Netherlands
OAD	Egypt
OSH	Kyrgyzstan
OCO	Belgium
OLT	Germany
FNL	Finland
RON	Nauru
OOT	South Africa
OLA	Nigeria
OXE	United Kingdom
WDK	United Kingdom
OAA	Australia
OZR	United States
OZJ	Australia
KTL	South Africa
PCR	United States
PNR	Spain
PBA	Thailand
PDQ	United States
XAS	United States
PDG	United Kingdom
PUA	Uruguay
PMT	Cambodia
PRP	Spain
JIA	United States
KST	Germany
WIS	United States
PCE	United States
PAB	Canada
PRC	United States
PCF	United States
PXP	United States
PIC	Vietnam
PAK	United States
PCV	Australia
PCX	United States
PBN	New Zealand
PQA	United States
PCO	Canada
PEC	Philippines
PFA	Singapore
PIN	United States
PSA	United States
PCJ	United States
PPM	Philippines
PAR	Australia
PSX	United States
NMI	United States
	Philippines
PFR	United States
RCY	United States
PAE	Spain
PKW	United States
PIA	Pakistan
PKR	Estonia
LPA	Mexico
PPC	Palau
PTP	Palau
PNW	Egypt
JSP	United Kingdom
PIR	Afghanistan
PFN	Sierra Leone
ODM	Kenya
PAX	United States
XPA	United States
PWD	Dominican Republic
PAA	United States
PAA	United States
PEA	France
PHT	Turkey
PMA	Malaysia
PNC	Mexico
PNF	Ivory Coast
PGI	United States
PEI	Spain
PVI	Panama
PNH	Russia
PHU	Hungary
PNM	Spain
PAH	United States
AFD	United States
PTN	Brazil
HMP	Haiti
PAI	United States
PDI	United States
PGX	United States
PGF	United Kingdom
PRR	Sierra Leone
PMW	India
APE	United States
IRE	Iran
PRA	Iran
PST	Panama
FAP	Canada
PSC	Canada
PTB	Brazil
PTC	Argentina
BYT	United Kingdom
ETL	United States
PHE	India
IRP	Iran
KGC	United Kingdom
PRL	Pakistan
PBY	Uganda
HPA	Haiti
PVU	Tonga
PXA	Moldova
PGT	Turkey
PEV	Greece
	Turkey
HAK	Norway
PDF	South Africa
PEX	United States
PAS	Indonesia
PEM	Canada
PDY	United Kingdom
PEN	United States
PNE	Mexico
PCA	Spain
CVT	Kazakhstan
PCC	Mexico
PAG	Canada
PGP	Russia
PPQ	Mexico
FPR	Peru
INP	Peru
PMX	Mexico
PHM	United States
PHC	Colombia
PTK	Russia
PTY	United States
PHV	France
PMY	Thailand
PAL	Philippines
PHI	Netherlands
BCH	United States
PDD	United States
PHL	United States
PHB	South Africa
KZM	Zambia
PHA	United States
PHN	Brazil
PAM	Germany
PPG	United States
WDY	United States
	Switzerland
PHY	Armenia
PHG	Kyrgyzstan
XPX	United States
VAP	Thailand
PDT	United States
PCH	Switzerland
PLU	Mexico
MKS	Canada
PNP	Bahamas
PIM	Angola
PCL	United States
FLG	United States
PIO	United States
PER	Pakistan
PRN	Spain
PLN	Angola
PMS	United States
PLZ	United States
PYZ	United States
LIB	Germany
PSF	United Kingdom
POC	United States
PDA	Ukraine
PAZ	Niger
RMI	Nigeria
PAW	Burkina Faso
PTS	Canada
PAC	United States
PMO	Mexico
PSR	United Kingdom
POT	Russia
POF	France
PLC	United Kingdom
PLF	Poland
PNY	Poland
NRW	Germany
PPH	Germany
PIK	Germany
SRP	Germany
PBW	Germany
EDL	Germany
PBB	Germany
PHH	Germany
PMV	Germany
PHS	Germany
HBT	Germany
CUK	United Kingdom
PLA	United States
PAO	Samoa
PLB	New Zealand
	Russia
PND	United States
PSI	Suriname
PLX	United Kingdom
PTQ	United States
POR	Mexico
POE	Canada
PGA	Portugal
AFP	Portugal
POA	Portugal
PON	Portugal
PDC	United States
PSN	Mexico
PWL	Canada
PFS	United States
PWC	Canada
PRF	Tanzania
PRE	United States
BAT	Luxembourg
PGL	United Kingdom
PME	United Kingdom
EMI	Nigeria
PMU	Germany
BFA	Burkina Faso
ONM	Equatorial Guinea
PSD	Cambodia
PRD	United States
PWA	United States
PMM	Russia
WCP	United States
PMC	United States
CRY	United Kingdom
PRM	United States
PKZ	Kazakhstan
CME	Canada
PJP	Pakistan
	
PCN	United States
PRY	United States
PAT	United States
BCK	United States
PTI	Switzerland
PJE	United States
PJA	United States
PWF	Germany
PVG	Spain
PRH	United States
PSZ	United States
GIY	Guinea
PAD	United States
PVL	Italy
	Zambia
PTT	Mexico
PRO	Canada
PFZ	Zambia
PPA	United States
PTH	France
PTL	United States
AWD	Pakistan
SPR	Canada
PRV	Canada
PSW	Russia
UDA	Indonesia
PTA	Canada
PSP	Mexico
PUV	Portugal
PNG	United States
TXV	Mexico
PGH	Russia
PLY	Brazil
PTV	Djibouti
MGO	Spain
PYR	Egypt
QNT	Uzbekistan
QFA	Australia
QAC	Qatar
QTR	Qatar
QAF	Qatar
IRQ	Iran
QTX	Canada
QUE	Canada
QNA	Dominican Republic
LBQ	United States
QAJ	Germany
QAH	Netherlands
QAS	Haiti
QAQ	Libya
QCC	United States
QWA	Australia
QWL	South Africa
RJT	Mexico
	Guatemala
BKH	United Kingdom
CFN	United Kingdom
COH	United Kingdom
CBY	United Kingdom
COT	United Kingdom
CWL	United Kingdom
KIN	United Kingdom
LEE	United Kingdom
LCS	United Kingdom
LOP	United Kingdom
LOS	United Kingdom
MRH	United Kingdom
NWO	United Kingdom
SMZ	United Kingdom
STN	UNited Kingdom
SMG	United Kingdom
TOF	United Kingdom
VYT	United Kingdom
VLL	United Kingdom
WAD	United Kingdom
WIT	United Kingdom
MTL	Latvia
RKM	United Arab Emirates
RWL	Germany
RBB	Switzerland
ACE	Ghana
GBR	United States
	United States
RAJ	Pakistan
RFA	United States
REX	United States
RMT	United States
PPK	United States
RGM	United Kingdom
MWR	Egypt
RAQ	Austria
CSM	Kazakhstan
RVR	United Kingdom
RVN	United States
REI	Israel
RYT	Jordan
RTN	United States
RCJ	United Kingdom
KSS	United States
RCB	Spain
CDT	Spain
RCD	Spain
RLV	Ghana
REB	Bulgaria
PSH	United Kingdom
RBN	United States
DEV	United Kingdom
RDV	Egypt
RSV	Namibia
STR	United Arab Emirates
RHC	United Kingdom
RAV	United Kingdom
REF	New Zealand
REK	Kyrgyzstan
RVV	United States
RBH	Bahamas
RGY	United States
RAH	Canada
RAG	Germany
RGR	Canada
TSH	Canada
RIL	Mauritania
REW	Germany
RGL	Morocco
REG	Tanzania
	Morocco
RXA	Australia
JJM	Spain
CEA	United States
REL	United States
RLT	United States
RTS	United Kingdom
RAN	Moldova
ROA	United States
RGS	United States
RPA	United States
RPH	Indonesia
RBC	Mexico
RST	United States
RDS	United States
RIU	Indonesia
RIA	United States
RVC	United States
RIC	United States
RCA	United States
HPR	New Zealand
RLE	Brazil
RID	Kazakhstan
RAK	Latvia
RAZ	Netherland
POL	Sweden
RIM	United States
SKA	Brazil
REO	United States
GRN	United States
RSL	Brazil
RVM	South Africa
RGP	Nigeria
UNR	Ukraine
RDL	Canada
RBT	Dominican Republic
ROX	United States
RKW	United States
ROC	Canada
RMA	United States
LIF	United States
RDZ	Nigeria
FAD	Canada
RRZ	United Kingdom
RRL	United Kingdom
BTU	United Kingdom
ROF	Romania
RMV	Romania
RNS	Mexico
ROR	Guyana
RNB	Russia
NRG	United States
RFS	Australia
RSS	South Africa
ROS	Netherlands
	Russia
RAL	United States
RAR	Cook Islands
RTR	Brazil
RKT	United Kingdom
JCR	Netherlands
ROV	United States
VOS	South Africa
RCG	South Africa
RFR	United Kingdom
MJN	Oman
ACW	United Kingdom
RRR	United Kingdom
RRF	United Kingdom
SHF	United Kingdom
RAX	United States
RAM	Morocco
RPK	Pakistan
RLM	United States
RYL	Aruba
ASY	Australia
RXP	Canada
RYB	Bahrain
RBA	Brunei
KDR	Uganda
RGA	Ghana
ROJ	United Arab Emirates
RJA	Jordan
RJZ	Jordan
RKH	Cambodia
RMF	Malaysia
NVY	United Kingdom
RNA	Nepal
NRN	Netherlands
NAF	Netherlands
KIW	New Zealand
NOW	Norway
ROP	Oman
PPW	Cambodia
RRA	Rwanda
RSF	Saudi Arabia
RYS	Thailand
RSN	Swaziland
HRH	Tonga
RWE	United States
RSB	Belarus
RMG	Nigeria
RUR	Russia
KLE	Russia
CGI	Russia
RUH	Russia
RLU	Russia
MIG	Russia
RFF	Russia
ESL	Russia
RUZ	Russia
RUC	Venezuela
RND	United Kingdom
RUA	Rwanda
RWA	Rwanda
RWD	Rwanda
RCT	United States
RYA	United States
RYN	United States
RYR	Ireland
RYZ	Russia
RAA	United States
RAE	France
BDS	Bangladesh
BEC	Kazakhstan
RZO	Portugal
SAA	South Africa
SAB	Kyrgyzstan
SAC	Sudan
SAF	Singapore
SAG	Sweden
SAH	Kazakhstan
SAI	Pakistan
SAJ	Canada
SAK	United Kingdom
SAM	Colombia
SAN	Ecuador
SAO	Mali
ANX	Mexico
SAQ	Canada
SAS	Sweden
SAV	Kazakhstan
SAW	Syrian Arab Republic
SAX	Malaysia
SAY	United Kingdom
SAZ	Switzerland
SBA	Mali
SBB	United States
SBF	United States
SBG	United States
SBI	Russia
SBL	Ghana
SBM	Bahamas
SBO	Zambia
SBQ	United States
SBR	United States
SBS	United States
SBU	France
URJ	Pakistan
SBZ	Democratic Republic of the Congo
AME	Spain
SCA	United States
SCC	United States
SCE	United States
SCF	Angola
SCI	Mexico
SCK	France
SCL	Canada
SCN	Peru
AHI	Mexico
ALK	Sri Lanka
CDL	United States
SCP	Egypt
SCR	Thailand
SCS	South Africa
SCT	Sweden
SCV	Mexico
SCX	United States
SDA	Canada
SDB	Russia
SDC	United States
SDD	United States
SDF	United States
SDH	Spain
SDK	Colombia
SDL	United Kingdom
SDN	Sudan
SDU	France
SDV	Colombia
SDX	Mexico
SDZ	Sudan
SEA	United States
SEB	Mexico
SED	United States
SEE	Pakistan
SEH	Greece
SEJ	India
SEK	Kazakhstan
SEL	United States
SEO	Nigeria
SEQ	Thailand
SES	Mexico
SET	Ecuador
SEV	Spain
SFA	France
SFC	Canada
SFE	South Africa
SFF	United States
SFG	Thailand
SFJ	Japan
SFL	New Zealand
SFN	Iran
SFP	Pakistan
SFR	South Africa
SFS	Canada
SFT	United States
SFU	United Kingdom
SFX	United States
SGB	United States
SGC	South Africa
SGD	Kyrgyzstan
SGF	Switzerland
SGH	United Kingdom
SGI	Chile
SGK	Canada
SGM	Netherlands
SGN	Thailand
SGP	Spain
SGS	Canada
SGT	Netherlands
SGU	Kazakhstan
SGX	Turkey
SGY	United States
SHB	Democratic Republic of the Congo
SHC	United States
SHD	Algeria
SHE	United Kingdom
SHG	United Kingdom
SHI	Republic of Korea
SHJ	United Arab Emirates
SHK	Egypt
SHL	United Kingdom
SHM	South Africa
SHN	Pakistan
SHO	Russia
SHP	France
SHQ	China
SHR	Canada
SHS	Ethiopia
SHU	Russia
SAT	Portugal
	
SHV	United States
SHW	United States
SHX	Nigeria
SHY	Turkey
SIA	Singapore
SIB	Russia
SIE	United States
SIH	Ireland
SIJ	Japan
SIL	Mexico
SIM	Sierra Leone
SIO	Italy
SIR	United States
SIS	Egypt
SIT	Belgium
SIV	Slovenia
SIW	Italy
SJA	Mexico
SJC	Mexico
SJE	South Africa
SJJ	United States
SJL	Mexico
SJT	Switzerland
SJY	Indonesia
SMY	Saudi Arabia
ALC	ACOM
SPS	Spain
SPT	Bangladesh
SPU	United States
SPV	Mexico
SPW	Switzerland
SPX	Germany
SQA	Slovakia
SQC	Singapore
SQF	Slovakia
SQL	Mexico
SRA	Canada
SRC	Colombia
SRH	Cambodia
SRK	Switzerland
SRL	Sweden
SRL	Mexico
SRN	Russia
SRO	Ecuador
SRQ	Philippines
SRR	Denmark
SRS	Canada
SRU	Peru
SRW	Sudan
SRX	United States
SRZ	South Africa
SSB	Canada
SSC	United States
SSD	France
SSE	Mexico
SSF	Russia
SSG	Slovakia
BBB	Sweden
SSK	United States
SSO	United Kingdom
SSP	United Kingdom
SSQ	Australia
SSS	Spain
SST	Canada
SSU	Venezuela
SSV	Canada
SSW	United Kingdom
SSY	Sierra Leone
SSZ	United Kingdom
STA	United Kingdom
STB	Ukraine
STC	United Kingdom
STD	Mexico
STE	United Kingdom
STF	Sudan
STG	 Boonville Stage Line
STH	Armenia
STI	Canada
STJ	Netherlands
STL	United Kingdom
STO	Russia
STQ	Indonesia
STU	Argentina
STU	Somali Republic
STV	Ghana
STW	Philippines
STX	South Africa
STY	Austria
SUA	Czech Republic
SUB	United States
SUD	Sudan
SUF	Fiji
SUG	Senegal
SUH	Kyrgyzstan
SUI	Switzerland
SUK	Kenya
SUM	Russia
SUR	Egypt
SUS	Denmark
SUT	Mexico
SUU	United States
SUV	Venezuela
SVA	Saudi Arabia
SVD	Saint Vincent and the Grenadines
SVF	Sweden
AWJ	Niger
SVH	United Kingdom
SVI	Mexico
APD	Australia
SVJ	Djibouti
SVL	Ukraine
SVN	Angola
SVO	Mexico
SVS	Mexico
SVT	Luxembourg
SVX	United States
SWA	United States
SWB	Switzerland
SWC	Canada
SWD	Argentina
SWE	Sweden
ASL	United States
SWG	Canada
SWI	United States
SWJ	United States
SWO	Suriname
SWP	Italy
SWQ	United States
SWR	Switzerland
SWR	Switzerland
SWS	United States
SWT	Spain
SWU	Switzerland
SWV	Sweden
SWW	Ukraine
SWX	Swaziland
SWY	Switzerland
SWZ	SWISSBIRD
SXA	United States
SXC	Nigeria
SXE	United States
SXM	Mexico
SXS	Turkey
SXT	Mexico
SXX	United States
SXY	Kenya
SYA	Argentina
SYC	United States
SYE	Yemen
SYF	United States
SYG	United Kingdom
SYI	United States
SYJ	Canada
SYK	United States
SYN	Canada
SYR	Syrian Arab Republic
SYS	United Kingdom
SYV	United States
SYX	United States
AZQ	Azerbaijan
SYY	South Africa
SZT	Mexico
BHV	Russia
BLY	Ireland
BNC	United States
BRZ	Russia
BVV	Russia
CBN	Sweden
CDG	China
CDS	South Africa
CEE	Mexico
CFL	Sweden
CGL	Slovakia
CIG	Russia
CNK	Canada
CNO	Norway
CQH	China
CSC	China
CSH	China
CSY	China
CSZ	China
CXI	China
DKT	United States
DKY	Spain
DNI	Mexico
EAB	Switzerland
EAN	Nigeria
ENR	Namibia
ERO	Israel
ESK	Slovakia
EXL	Australia
EXY	South Africa
FFD	Germany
FFH	Nigeria
FJE	United Kingdom
FLH	United States
GAD	United Kingdom
GDE	Mexico
GDG	United States
GIK	Guinea
GNA	Mexico
GSW	Greece
GXL	Germany
HAU	Japan
HIP	Mexico
HJE	Mexico
HKA	United States
HLO	Canada
HRI	Lithuania
HSK	Slovakia
HSV	Sweden
HSY	Spain
IGA	Poland
IJS	United States
ILS	Mexico
INK	Ukraine
IRV	Iran
IRZ	Iran
JAM	Kenya
JCM	United States
JIM	United Kingdom
JKK	Spain
KKS	Kazakhstan
KOP	Chile
KSP	Colombia
KYB	Italy
KYR	Mexico
LGU	Mexico
LLA	Mexico
LLS	Mexico
LMG	South Africa
LMO	United States
LRS	Costa Rica
LSP	United Kingdom
MCG	Sweden
MDT	Norway
MLO	Mexico
MMS	Cayman Islands
MRI	Mexico
MRR	United States
MSG	Mozambique
MSP	Costa Rica
MTG	Mexico
	Australia
	United States
	United States
	Russia
	Russia
	
	Australia
	United States
	France
	Guinea
NAD	Indonesia
NAZ	Mexico
NCS	Canada
NKS	United States
NON	Mexico
NRZ	Mexico
NSC	Mauritania
NSE	Colombia
NTB	Mexico
NTG	Mexico
OKS	Gambia
OKT	Spain
OLC	Venezuela
OLO	United Kingdom
ONG	Switzerland
OSL	Nigeria
OSS	Mexico
OTL	Ukraine
OZW	Australia
PIV	Russia
PLT	United States
PMR	Mexico
PNS	Indonesia
POB	Mexico
PSV	Dominican Republic
PTM	United States
PUR	South Africa
PZR	United States
RBW	China
REJ	South Africa
RER	Ecuador
RFT	Romania
RGC	Mexico
RLS	Russia
RMP	Mexico
RSE	Saudi Arabia
SKB	United States
SKC	United States
SKD	United States
SKE	United States
AZG	Georgia
SKF	United States
SKG	Canada
SKI	United Kingdom
SKI	Turks and Caicos Islands
SKK	Canada
SKL	Canada
SKN	United States
SKO	United Kingdom
SKR	South Africa
SKS	Belgium
BBR	Venezuela
SKT	Thailand
SKU	Chile
SKW	United States
SKX	Sweden
SKY	Japan
SKZ	United States
SLA	Sierra Leone
SLB	Nigeria
SLD	Czech Republic
SLE	South Africa
SLF	Italy
SLG	Canada
SLH	United States
AGE	Mexico
SLK	Singapore
SLL	Slovakia
SLM	Suriname
SLN	United Kingdom
SLP	Sudan
SLS	Mexico
SLV	Mauritania
SLW	Nigeria
SLX	Brazil
SLY	Sudan
SLZ	Angola
SMA	Nigeria
SMC	Indonesia
SMD	Mexico
	United States
SME	Kazakhstan
SMF	Sweden
SMH	United States
SMK	Kazakhstan
SML	Canada
SMM	United States
SMQ	Tajikistan
SMR	Tajikistan
SMT	Nigeria
AOS	AEROSOL
SNA	Germany
SNB	Denmark
SNE	Nicaragua
SNF	Russia
SNH	Senegal
SNI	Nigeria
SNJ	Japan
SNK	United States
SNL	United States
SNM	Italy
SNP	United States
SNQ	United States
SNS	Central African Republic
SNT	United States
SNU	Israel
SNV	Sudan
SNW	United States
SNX	Canada
SOB	Zambia
SOC	Russia
SOH	United States
SOI	Zambia
SOL	Solomon Islands
SOM	Somali Republic
SON	United States
SOO	United States
SOP	Slovenia
SOR	Angola
SOT	United States
SOU	United States
SOV	Russia
SOW	Canada
SOX	Netherland
SOZ	Kazakhstan
SPA	United States
SPB	South Africa
SPC	United States
SPE	United States
SPF	Nigeria
SPG	United States
SPH	South Africa
SPI	United States
SPL	Mexico
SPN	Bulgaria
SPP	United States
SPQ	Mexico
TBS	Mexico
TCF	United States
TGT	Sweden
THB	Thailand
TIH	Romania
TRL	South Africa
TRN	Mauritania
TTM	Mauritania
TZU	Mexico
UGP	Russia
UKU	Russia
UNT	Mexico
USK	Ukraine
USN	Uzbekistan
UZS	Uzbekistan
VDO	Mexico
VGS	Netherlands
VRB	Rwanda
VRS	Mexico
VSV	Kazakhstan
VXN	United States
WCC	United States
WFC	Switzerland
WLK	South Africa
XLK	Kenya
XMX	Mexico
XPG	United States
XSA	United States
XSN	Canada
XTA	Mexico
XTR	Canada
XXS	Canada
YBE	United States
	
	Denmark
FYA	Spain
UFA	Ukraine
SWL	Sweden
TAC	Senegal
TAD	Dominican Republic
TAE	Ecuador
BAP	United States
TAG	United States
TAL	Papua New Guinea
TAM	Brazil
AUC	Australia
TAP	Portugal
TAR	Tunisia
TAU	Mexico
TAX	Germany
TAY	Belgium
TBA	Brazil
TBC	United Kingdom
TBD	Canada
TBG	Haiti
TBH	Bahamas
TBI	United States
TBM	Iran
TBN	Sierra Leone
TBR	Tunisia
TBX	Trinidad and Tobago
TCA	Egypt
TCB	Colombia
TCC	Sudan
TCD	Chad
TCE	United States
TCG	Thailand
TCH	Bahrain
TCM	United States
TCN	United States
TCP	United Kingdom
TCT	Uruguay
TCU	Philippines
TCW	Belgium
TCX	United Kingdom
TCY	United States
TDC	Spain
TDE	United States
TDI	Mexico
TDM	Moldova
TDO	Dominican Republic
TDR	Croatia
TDV	Mexico
TDX	United States
TEB	Kyrgyzstan
TLW	Austria
TEF	Spain
TEH	United States
TEL	United States
TEM	Slovakia
TEN	United States
TER	United States
TES	El Salvador
TEP	Russia
TET	Moldova
TFA	United States
TFB	Philippines
TFF	United States
AIM	Spain
TFH	Thailand
TFI	United States
TFK	Sao Tome and Principe
TFO	Mexico
TFT	Thailand
SRF	Chile
TFY	United Kingdom
TGC	United Kingdom
TGE	Spain
TGI	Mexico
TGM	Spain
TGN	Indonesia
AWC	United Kingdom
TGO	Canada
TGW	Singapore
TGW	Australia
TGX	Gabon
TGY	Guyana
THA	Thailand
THC	United States
THE	Chad
THF	France
THG	Thailand
THJ	Thailand
THK	Turkey
AIQ	Thailand
THO	Honduras
THR	Iran
THU	Canada
THY	Turkey
THZ	France
TIA	United States
TIC	Zambia
TIE	Czech Republic
TIK	Australia
TIL	Tajikistan
TIM	Brazil
TIN	Dominican Republic
TIS	Russia
TIW	Venezuela
TJK	Tajikistan
TJN	Kazakhstan
TJS	Austria
TJT	France
TKC	Guatemala
TKE	France
TKX	Saint Kitts and Nevis
TKY	Thailand
TLA	Ireland
TLF	Sierra Leone
TLL	Sierra Leone
TLO	United States
TLP	Netherland
TAJ	Tunisia
TLS	United States
TLT	Fiji
TLV	Uruguay
TLX	United States
TLY	Spain
TMA	Lebanon
TMD	Egypt
TMG	Indonesia
TMH	Mexico
TMI	Israel
TMK	United States
TML	Madagascar
TMM	United States
TMQ	Mauritania
TMR	Canada
TMS	United States
TMT	United States
TMX	South Africa
TMY	Mexico
TMZ	Venezuela
TNB	Benin
TNE	Mexico
TNF	Burkina Faso
TNG	United States
TNI	United States
TNL	Mongolia
TNM	Aruba
TNP	Austria
TNR	United States
TNT	Canada
TNV	United States
TNW	Ethiopia
TNX	Hungary
TNY	United States
TOB	Libya
TOJ	Tajikistan
TOL	United States
TOM	United Kingdom
TOP	Turkey
TOR	Canada
TOS	Belize
TOT	Canada
TOW	United States
TOY	Canada
TPA	Colombia
TPD	Austria
TPF	Mexico
TPG	Mexico
TPL	Mauritania
TPM	Mexico
TPN	Mexico
TPP	Australia
TPR	Mexico
TPS	Argentina
TPT	Mexico
TPU	Peru
TPV	Thailand
TPX	Mexico
TPY	Canada
TPZ	Mexico
TQN	United States
TQR	Mexico
TNA	Taiwan
TRA	Netherlands
TRC	United States
TCV	Portugal
TRD	Barbados
TRF	France
TRG	Spain
TRJ	United Kingdom
TRM	Mauritania
TRO	United States
TRQ	Netherland
TRR	Sudan
TRT	Sudan
TRU	Uganda
TRW	United States
TRY	United States
TRZ	United States
TSA	France
TSD	Brazil
TSE	Malaysia
TSG	Republic of the Congo
TSI	France
TSJ	Kyrgyzstan
TSK	Kyrgyzstan
TSL	Thailand
SBT	Iran
ABS	Canada
TSM	Lebanon
TSN	Nigeria
TSO	Russia
TSP	Guatemala
TSR	Democratic Republic of Congo
TSS	United States
TST	Kazakhstan
TSV	United Kingdom
TSW	Switzerland
TSX	Thailand
TSY	Egypt
TTA	Mozambique
TTC	Angola
TTH	Turkey
TTL	Brazil
TTP	Nigeria
TTR	Mexico
TTS	Mexico
TUA	Turkmenistan
TUC	Chile
TUI	Tunisia
TUL	Russia
TUM	Russia
TUO	Mexico
TUX	Kazakhstan
TUZ	Sweden
TVA	United States
TVH	Spain
TVI	Moldova
TVL	Hungary
TVO	Italy
TVR	Ukraine
TVS	Czech Republic
TWA	United States
TWE	Sweden
TWJ	United Kingdom
TWL	Canada
TWM	Mozambique
TWO	Netherlands
TWW	Angola
TXA	United States
TXC	Belarus
TXE	Romania
TXL	Mexico
TXM	Mexico
TXN	United States
TXO	Mexico
TXR	Mexico
TXS	United States
TXT	United States
TXZ	United States
TYF	United Kingdom
TYG	Sweden
TYW	Austria
TZE	Mexico
TZK	Tajikistan
BLI	Germany
BLX	Sweden
BOL	Bolivia
BOX	United Kingdom
CHE	United States
CLR	United States
CLU	Germany
CTP	Uzbekistan
CWT	United States
DCL	Chile
DOT	United Kingdom
DRC	Canada
DTA	Angola
DTH	Algeria
EAR	Mexico
ELV	Peru
FBO	United Kingdom
FNV	Georgia
FPG	Switzerland
GFN	United Kingdom
GJB	United States
GPD	United States
HBA	United States
HET	Spain
HTO	France
HVK	Turkey
IHS	Iceland
IRF	Iran
IRR	Iran
JCH	Mauritania
KCA	Ukraine
JEL	Canada
KRA	Kazakhstan
KTB	Lithuania
KTS	Russia
LAP	Paraguay
LCC	United States
LEG	United States
LKW	Indonesia
LOF	United States
LTA	Canada
MCT	Mexico
MGM	Mexico
MOH	United Kingdom
MPO	Mexico
MUI	United States
MXQ	Mexico
	China
	Belgium
NTR	United Kingdom
OSY	United States
PCW	Philippines
PGS	New Zealand
PSS	Russia
RBD	United States
REC	Mauritania
RMS	United States
ROT	Romania
ROU	Chile
RRT	Mexico
RRY	Georgia
RTM	Ecuador
SBJ	Nigeria
SEI	Mexico
SRT	Kazakhstan
URN	Azerbaijan
TIB	Brazil
USB	Georgia
UTM	Uzbekistan
UTN	Mongolia
UTT	Uganda
VEN	Venezuela
VIP	United Kingdom
VNZ	Georgia
VRC	Mexico
XAR	Indonesia
XNR	Mexico
	
DOD	United States
DOI	United States
EXM	United Kingdom
GIH	Guinea
GKA	United States
GWY	United States
UAB	Sudan
UAL	United States
UAC	Zimbabwe
UCS	United States
UEA	China
	United States
CFU	United Kingdom
KRF	United Kingdom
KRH	United Kingdom
SDS	United Kingdom
TQF	United Kingdom
CGX	United States
AGR	United States
UAD	United Kingdom
UAJ	United Kingdom
UAA	United Kingdom
UAH	United Kingdom
HBU	Ukraine
HLE	United Kingdom
JUS	United States
LEA	France
MSH	United States
NDU	United States
PNA	United States
RAU	Uganda
SAU	Spain
SVR	Russia
TRB	Ukraine
UAF	United Arab Emirates
UAI	Ivory Coast
UCC	Uganda
UCH	United States
UCO	Spain
UES	Ukraine
UFS	United States
UGA	Uganda
UGC	Spain
UHL	Ukraine
UHS	Russia
UJR	Mexico
UJT	United States
UKI	United Kingdom
UKL	Ukraine
UKM	Ukraine
UKN	Ukraine
UKP	United Kingdom
UKS	Ukraine
ULT	United States
UMS	Russia
UNC	Denmark
UNF	United States
UNJ	Spain
UNS	Turkey
UNU	Italy
UPL	Ukraine
UPS	United States
URV	Russia
USA	United States
USC	United States
USF	United States
USH	United States
USJ	United States
USX	United States
UTA	Russia
UTG	Equatorial Guinea
UTR	South Africa
UTS	Ukraine
UTU	Armenia
UVA	United States
UVG	Guyana
UVM	Mexico
AIO	United States
UVN	Kuwait
UZB	Uzbekistan
AUI	Ukraine
WEC	United States
	United States
VAU	Australia
VBA	Netherlands
WIW	Ukraine
VBD	Armenia
VAC	Canada
RDW	Switzerland
VLA	South Africa
VLN	Moldova
EHR	Iceland
VLU	Singapore
VAA	Czech Republic
VGC	Mexico
VGD	United States
VFC	Vietnam
VAG	Kazakhstan
WGA	Ukraine
WEL	VELES
VTX	Mexico
BTP	United Kingdom
VAL	Canada
GRV	Greece
HVN	Vietnam
KWA	Kazakhstan
MOV	Russia
MVY	Russia
	Canada
ENV	United Kingdom
VCT	United States
SSI	Nigeria
FXF	United States
PAV	Kazakhstan
PRX	Latvia
VAT	Ireland
	Venezuela
VCA	Brazil
VCM	United States
VOI	Mexico
VDA	Russia
VEA	Bulgaria
VEC	Venezuela
VEE	Spain
VEI	Ireland
VRD	United States
VES	United States
VEX	Belgium
VFT	Mexico
VGN	Nigeria
VGV	Russia
VHA	Angola
VHM	Germany
VIB	Germany
VIC	Mexico
VIE	Mexico
VIF	Austria
VIG	Sudan
VIH	Moldova
VIK	Sweden
VIN	Portugal
VIR	United Kingdom
VJM	Mexico
VJT	Canada
VVM	Macao
VLE	Italy
VLG	Spain
VLK	Russia
VLO	Brazil
VLT	Russia
VMA	United States
VNK	Russia
VOA	Bulgaria
VOG	Bangladesh
VOZ	Australia
VBI	Australia
VPA	Slovakia
VPB	Ukraine
VPV	Georgia
VRA	United Kingdom
VRE	Ukraine
VRL	Angola
VRN	Brazil
VSB	United Kingdom
VSG	Spain
VSN	Canada
VSO	Russia
VSP	Brazil
VSS	United States
VTC	Mexico
VTH	Mexico
VTK	Russia
VTL	Chile
VTV	Bulgaria
VUR	Ecuador
VUS	Mexico
VZL	Russia
VLM	Belgium
WCY	United States
WEV	Uganda
WLG	Russia
WDL	Germany
WRR	United States
XWS	United States
CGG	United States
WAS	Canada
GOT	Sweden
WPT	Canada
WAV	United States
ATX	United Kingdom
WSG	Canada
	Peru
WTC	Liberia
WEB	Brazil
TDB	United States
WLC	Austria
BLW	Sweden
WCB	Ghana
WTF	Senegal
WSF	Benin
WAC	Mauritania
WLX	Luxembourg
SWN	Sweden
WCW	Colombia
WCR	Costa Rica
	Canada
WCG	Ghana
WCA	Sierra Leone
TEE	United Kingdom
WEW	Canada
WJA	Canada
WAA	Namibia
WSC	Cote d'Ivoire
PCM	United States
BLK	Canada
WST	Bahamas
NPC	United States
WAE	United States
WAL	United States
WAL	Canada
WTV	United States
WES	Canada
KMR	United States
WPA	Solomon Islands
WSL	United Kingdom
WSA	United States
WHE	United Kingdom
WTP	Canada
WWD	United States
WHT	Portugal
WEA	Poland
WRA	Canada
WWL	Australia
WIF	Norway
WIG	United States
WHS	Germany
WFO	United States
WLS	United States
WGP	United Kingdom
WDA	Democratic Republic of Congo
WNA	United States
JET	Italy
WSI	United States
QGA	Germany
WIA	Netherland
WON	Indonesia
WAT	Sudan
WAW	United States
WOL	Guyana
WEX	United States
WAK	United States
WLB	Lebanon
WIN	Saint Lucia
WAG	United States
WSM	United States
WZZ	Hungary
WVL	Bulgaria
WNR	Spain
CWY	United Kingdom
WOA	United States
XWW	Canada
WWM	Kyrgyzstan
	United States
CSW	Canada
WWS	Pakistan
WWI	United States
WRT	United States
WRF	United States
CWU	China
WYC	United Kingdom
WYG	United States
SEU	France
XPS	Netherlands
XAB	Mexico
XJC	United Kingdom
XER	United States
CXA	China
CXJ	China
XJT	United Kingdom
CXP	United States
AKY	Russia
YAK	Russia
LLM	Russia
CYG	Cambodia
YZR	China
ELW	Kenya
IYE	Yemen
ERV	Armenia
YFS	United States
AYU	Japan
UGN	Kazakhstan
UMK	Ukraine
RZV	Armenia
IZG	Iran
ZAI	Democratic Republic of Congo
ZAR	Democratic Republic of Congo
MBN	Zambia
ZMA	Zambia
TAN	Tanzania
ZAN	United States
ZAS	Egypt
AZR	South Africa
EMR	Mauritania
RZR	United States
CJG	China
JTU	Kazakhstan
KZH	Kazakhstan
CFZ	China
CYN	China
WZP	Canada
IMX	Switzerland
OOM	Canada
ZAW	Bangladesh
ORZ	Spain
MLU	Croatia